P,T,S,R,game
0.076419816,0.2066941958926929,0,1,SH
0.5174159379911227,0.668910522,0,1,SH
0.38099553624712224,0.6177471247123567,0,1,SH
0.45647356534388406,0.5182528344519721,0,1,SH
0.43354042550813143,0.6873100821413722,0,1,SH
0.3309770752675132,0.5614803007353706,0,1,SH
0.13039028801540553,0.9790427655417717,0,1,SH
0.3017824932329909,0.9683625705549967,0,1,SH
0.5153898696262362,0.7862524669124633,0,1,SH
0.21476824092942826,0.6154372609420655,0,1,SH
0.1437609372695272,0.3374764245543922,0,1,SH
0.059207938,0.5582553409826627,0,1,SH
0.23570399021385335,0.9067926559798438,0,1,SH
0.2782122472397419,0.9213723853089433,0,1,SH
0.5640857807396575,0.8394597189920743,0,1,SH
0.009661122,0.4051974050970508,0,1,SH
0.3639034840328832,0.6714495774773408,0,1,SH
0.13108204540012047,0.22276946827104327,0,1,SH
0.2685150436762931,0.6806924745969332,0,1,SH
0.088444131,0.7430516895100627,0,1,SH
0.14851548636069523,0.30712938875052753,0,1,SH
0.10895814468942477,0.43128951019379635,0,1,SH
0.6315016087469485,0.8475002400669422,0,1,SH
0.069107297,0.7389549931220707,0,1,SH
0.13999581510561265,0.4404109956588351,0,1,SH
0.1931223798909727,0.904151551,0,1,SH
0.34642219902392957,0.3712047781245318,0,1,SH
0.7370207443201682,0.7476059302650702,0,1,SH
0.43823802172160264,0.49576258084471303,0,1,SH
0.326288712,0.4571048073696524,0,1,SH
0.30404194234224047,0.7583376820263683,0,1,SH
0.5689411143939345,0.8829025614566821,0,1,SH
0.17249523147888657,0.4969476821358474,0,1,SH
0.559749993,0.833633162,0,1,SH
0.098835527,0.3907245365527461,0,1,SH
0.048390213,0.2720742217315042,0,1,SH
0.2323563943713418,0.9294499404234156,0,1,SH
0.098628123,0.6046255143665284,0,1,SH
0.20291157004537808,0.7546849310909807,0,1,SH
0.075938912,0.8820970842163316,0,1,SH
0.044616288,0.3717478625159467,0,1,SH
0.662696861,0.7827555899571155,0,1,SH
0.31061360544867744,0.7969250654449116,0,1,SH
0.3196571499280949,0.645540981,0,1,SH
0.20565572396195142,0.3670419750145202,0,1,SH
0.7831740844219719,0.9768813478605107,0,1,SH
0.14009770715193115,0.9507941444280106,0,1,SH
0.2346416707091683,0.906949134,0,1,SH
0.44756137137070384,0.742033241,0,1,SH
0.4273710706047893,0.8537347882561328,0,1,SH
0.14440215869887219,0.7140436309300848,0,1,SH
0.42879338454817684,0.6624080543477735,0,1,SH
0.5631158429617371,0.7962045026329825,0,1,SH
0.6962341102527008,0.7522322344669381,0,1,SH
0.4891293000999104,0.8305809903197308,0,1,SH
0.28776304976042955,0.5618852837887138,0,1,SH
0.018405592921744374,0.9873035548436782,0,1,SH
0.4425222976867689,0.7428328968633036,0,1,SH
0.2743375185549122,0.6421392711299494,0,1,SH
0.8602819340396732,0.9423491284335148,0,1,SH
0.29300763669538954,0.8438363957038961,0,1,SH
0.071643273,0.9280261623972683,0,1,SH
0.35350706280223254,0.7385753758821889,0,1,SH
0.6734082303501092,0.7637636908727137,0,1,SH
0.023303576902414358,0.023713011955640795,0,1,SH
0.081692998,0.8189082867745583,0,1,SH
0.17254370223358073,0.31754151986603074,0,1,SH
0.12549623770195306,0.32234368351371834,0,1,SH
0.43028160296185547,0.4893855891537997,0,1,SH
0.507471149,0.7572570270121213,0,1,SH
0.092968877,0.18705344901368393,0,1,SH
0.24089970322797916,0.9592669218972065,0,1,SH
0.1855686979752258,0.7471069901503644,0,1,SH
0.41973048258352663,0.6318644562228994,0,1,SH
0.16203647272582744,0.7765553219810784,0,1,SH
0.031119399756845523,0.9944828687432212,0,1,SH
0.3168506357355716,0.4704736155178164,0,1,SH
0.10098064471172852,0.8880710521069928,0,1,SH
0.4346933112223421,0.9287154712860652,0,1,SH
0.4736662475896056,0.7402518178167807,0,1,SH
0.3826662669563552,0.9970844423638465,0,1,SH
0.7638225522236937,0.7710334923132611,0,1,SH
0.087640691,0.566850297,0,1,SH
0.31796555907584456,0.8904937801722379,0,1,SH
0.5406049724528519,0.8768577364575505,0,1,SH
0.15608319657775427,0.882029187,0,1,SH
0.5839289794841587,0.7263170277253579,0,1,SH
0.18241253846931116,0.7689335028067035,0,1,SH
0.2251323828893521,0.5769464743384434,0,1,SH
0.46480721615504095,0.9461153284085433,0,1,SH
0.2741127500923344,0.4150797589721009,0,1,SH
0.4033319642068536,0.6978351241379792,0,1,SH
0.3712683140503914,0.6616977947192828,0,1,SH
0.3416499651465936,0.6694046385544081,0,1,SH
0.12155610957747065,0.7849723992586701,0,1,SH
0.7615105536878684,0.9633324130499499,0,1,SH
0.061167129,0.16187105698522775,0,1,SH
0.19407697759549136,0.7448099545752855,0,1,SH
0.4287648206736119,0.5585707910816153,0,1,SH
0.1442399713740916,0.8113344193164012,0,1,SH
0.4737481749931689,0.484215744,0,1,SH
0.5742702283871004,0.8805402921146435,0,1,SH
0.068215087,0.42108954792272457,0,1,SH
0.820996368,0.8463827793947178,0,1,SH
0.17260216238848125,0.6958506017464217,0,1,SH
0.19847521001409962,0.8224020699065779,0,1,SH
0.26419444583997875,0.7363644911031295,0,1,SH
0.7228276438692696,0.799750567,0,1,SH
0.082537368,0.5988583795867264,0,1,SH
0.5144270489615084,0.7314353803565212,0,1,SH
0.3697364993767698,0.3998995177707074,0,1,SH
0.34633958104956064,0.8454072336650351,0,1,SH
0.16072154961104346,0.8007399774026847,0,1,SH
0.3651468097463324,0.5053917525919076,0,1,SH
0.4177971917947152,0.8717252904769666,0,1,SH
0.23359513315232383,0.6486139010739254,0,1,SH
0.4867397449013042,0.5390158838796038,0,1,SH
0.820093437,0.8371567221551399,0,1,SH
0.8499093040227701,0.9190696404085659,0,1,SH
0.3869311024144326,0.9648150629494281,0,1,SH
0.040324162,0.9872211446128218,0,1,SH
0.062365868668747604,0.6517555700920306,0,1,SH
0.052545224442305694,0.8154848789648446,0,1,SH
0.049207898,0.6426251531925293,0,1,SH
0.32474689513115806,0.9152150771580052,0,1,SH
0.3034983311190744,0.9437033581942238,0,1,SH
0.004984939,0.19448104914114595,0,1,SH
0.3384958008227681,0.563933862,0,1,SH
0.12260867869416003,0.15821289000742245,0,1,SH
0.674371141,0.7622445674289646,0,1,SH
0.2189311308665154,0.9838726594932719,0,1,SH
0.4040617137229181,0.7189728118881302,0,1,SH
0.8600727982049077,0.8655743550085329,0,1,SH
0.16570739858754857,0.6194501713849685,0,1,SH
0.8226044118991482,0.8455478845680071,0,1,SH
0.002398446,0.9158923111826007,0,1,SH
0.000896891,0.42898013960363657,0,1,SH
0.1297374218422791,0.5228998569231662,0,1,SH
0.10912221966707558,0.9278663475929882,0,1,SH
0.17938068677559427,0.6106981395374074,0,1,SH
0.12632882520772837,0.6872220041817989,0,1,SH
0.064869771,0.10394247842795656,0,1,SH
0.15089404549439367,0.991782525,0,1,SH
0.6076036482545355,0.7630503598464224,0,1,SH
0.033806712361971414,0.7421138323218854,0,1,SH
0.7979762351020374,0.8908429740322461,0,1,SH
0.6547398646975633,0.6931806512275642,0,1,SH
0.40949075138058166,0.9606400967430764,0,1,SH
0.076996544,0.7748425747738947,0,1,SH
0.7652034326674595,0.8099810283525029,0,1,SH
0.075817612,0.2608286682654255,0,1,SH
0.19554325234856185,0.4014299514989743,0,1,SH
0.5001114027136335,0.9419481774707177,0,1,SH
0.061870419,0.3264339566618468,0,1,SH
0.6522493718963924,0.7973440667561844,0,1,SH
0.40362919264271624,0.43178664070067696,0,1,SH
0.5045724363997746,0.7065789637834543,0,1,SH
0.3395574693355017,0.9621619928716161,0,1,SH
0.3017704850851197,0.7253622729948042,0,1,SH
0.3094521279667022,0.39217880123810334,0,1,SH
0.2619477352447417,0.5593928433111748,0,1,SH
0.004271075,0.112417723,0,1,SH
0.13876959113520293,0.8238292646709116,0,1,SH
0.8347093399208776,0.8733942449380634,0,1,SH
0.15870200506765264,0.7386765073102355,0,1,SH
0.27770269962187655,0.9665437740630223,0,1,SH
0.3564949538391875,0.5122380323707953,0,1,SH
0.37722906818894364,0.880108469,0,1,SH
0.094708107,0.8867697988445662,0,1,SH
0.7543193757048039,0.8235777434310039,0,1,SH
0.16773010324085225,0.2815878869709112,0,1,SH
0.5620662556286264,0.7189120907631941,0,1,SH
0.3736916461781401,0.738172447,0,1,SH
0.2854551101150369,0.936317055,0,1,SH
0.000635313,0.16910045600855805,0,1,SH
0.3013365986627694,0.4212471602782899,0,1,SH
0.31117451446411093,0.6210295891604019,0,1,SH
0.12374229672302461,0.295868928,0,1,SH
0.43071685643807944,0.7071465940639117,0,1,SH
0.3672727747479314,0.839052766,0,1,SH
0.8007560202893445,0.959377594,0,1,SH
0.3211254580328258,0.6134929924044734,0,1,SH
0.3299711732739441,0.6455826158977431,0,1,SH
0.19619589807017768,0.8637218378898481,0,1,SH
0.6759152021181989,0.6768271704803173,0,1,SH
0.2909538686733468,0.8459840885729306,0,1,SH
0.29020379941218466,0.3461359903503536,0,1,SH
0.28117204027538656,0.9213446706813859,0,1,SH
0.20776880294550604,0.9005587113493361,0,1,SH
0.1711341579645005,0.5034021084036286,0,1,SH
0.7416959298447532,0.9570367547031926,0,1,SH
0.072933862,0.5119660575502789,0,1,SH
0.081357828,0.2634728045255694,0,1,SH
0.2691483212363681,0.7813198090988811,0,1,SH
0.4570304483466132,0.7901278876240028,0,1,SH
0.2255557264722785,0.5794530739150316,0,1,SH
0.010865928524960822,0.035863524,0,1,SH
0.6226929469337283,0.6292377649219216,0,1,SH
0.3276951033237099,0.6765824148414183,0,1,SH
0.08404091,0.46784858318102085,0,1,SH
0.19422178682515812,0.3785418560024789,0,1,SH
0.6290350995183129,0.9716761505869591,0,1,SH
0.4999988145997589,0.7875166449965971,0,1,SH
0.08389817,0.19760123981258193,0,1,SH
0.5092162978902095,0.9952835908236419,0,1,SH
0.6109871328891658,0.7334731680740705,0,1,SH
0.084004074,0.6284428327406115,0,1,SH
0.28256852484406325,0.47250107216987036,0,1,SH
0.296459946,0.5213034767723905,0,1,SH
0.18614441846651508,0.3161128650561842,0,1,SH
0.5104849287461806,0.5690961600416731,0,1,SH
0.16677228154509272,0.6855709446681302,0,1,SH
0.00525906,0.24610273597468546,0,1,SH
0.26666312215700083,0.5859233102964096,0,1,SH
0.086340848,0.9605635299116226,0,1,SH
0.4891886092943032,0.9061201683898441,0,1,SH
0.056864171427558396,0.26423666290678893,0,1,SH
0.4258614443417983,0.9988539538331069,0,1,SH
0.3374312572411624,0.8957007639237453,0,1,SH
0.8880324175823469,0.9321508,0,1,SH
0.3339818495202209,0.7398072971661818,0,1,SH
0.33643654039178217,0.6654326059082318,0,1,SH
0.5592434457651521,0.564912353,0,1,SH
0.5228115496360268,0.6628124736977723,0,1,SH
0.14717535002115234,0.314841053,0,1,SH
0.2993967781901621,0.49365941367447475,0,1,SH
0.204644782,0.29136677330119065,0,1,SH
0.2174166099890109,0.9553159783103069,0,1,SH
0.12844183948923704,0.804147573,0,1,SH
0.4545574774076384,0.926669588,0,1,SH
0.3650314106865886,0.46817731911223404,0,1,SH
0.8758172893369098,0.8879335693341315,0,1,SH
0.18738342320063794,0.9791656092029406,0,1,SH
0.7037654654572596,0.8523491515990562,0,1,SH
0.5548530566457395,0.6370474137130189,0,1,SH
0.37312786463650593,0.5052450231935464,0,1,SH
0.4164478696133196,0.8632911590031054,0,1,SH
0.6256610230566908,0.969169468,0,1,SH
0.6744060770653362,0.8855776825749215,0,1,SH
0.6029272210372676,0.7753460424304786,0,1,SH
0.11350868613013376,0.8723178414600175,0,1,SH
0.6276464322109063,0.9627898957039103,0,1,SH
0.3733193999427402,0.7027967892397211,0,1,SH
0.1534494813822287,0.9432864454329044,0,1,SH
0.065869406,0.801089517,0,1,SH
0.18780051929845065,0.5881355134482644,0,1,SH
0.1690690996635058,0.9177651924039592,0,1,SH
0.20617921133692185,0.4316998090385453,0,1,SH
0.23241601298541203,0.28919808744004083,0,1,SH
0.007511659,0.19313049434678287,0,1,SH
0.5031471571173645,0.9925766004849057,0,1,SH
0.5017962372678424,0.7427600106947319,0,1,SH
0.25768679144826767,0.832226451,0,1,SH
0.46627498353789054,0.5946245233400127,0,1,SH
0.056892586,0.14062777221550093,0,1,SH
0.41684336819448053,0.5657180660732319,0,1,SH
0.023656842784329113,0.5729523820106228,0,1,SH
0.16270596506276092,0.5730406628774005,0,1,SH
0.9157547868935481,0.9551411493521318,0,1,SH
0.47996945557652837,0.6417579879866699,0,1,SH
0.59100505,0.8040142252285247,0,1,SH
0.013019511018516283,0.4884503278455077,0,1,SH
0.33886247330464925,0.5469896322789556,0,1,SH
0.5572825183790195,0.7277142947044106,0,1,SH
0.008777061,0.895257366,0,1,SH
0.3749713107617594,0.5263387960025692,0,1,SH
0.5072604355216561,0.9359232860825972,0,1,SH
0.31322446825481465,0.41067906578016244,0,1,SH
0.4525611660865134,0.7538121206356816,0,1,SH
0.41756066699267813,0.6512418900333785,0,1,SH
0.083866755,0.8135369289759331,0,1,SH
0.2619803377509229,0.584877814,0,1,SH
0.091636572,0.5811264864573293,0,1,SH
0.5324145836982048,0.8385256917265771,0,1,SH
0.6416950579998433,0.8448818108722851,0,1,SH
0.5434354444246718,0.8052170587726986,0,1,SH
0.5808623212369923,0.6542245574203085,0,1,SH
0.8259353908540892,0.9888027464441143,0,1,SH
0.6117977739013383,0.9384371790406985,0,1,SH
0.074738035,0.4970087398486145,0,1,SH
0.28246147286684065,0.5219421054926219,0,1,SH
0.33848650855001683,0.8878751133916059,0,1,SH
0.2083307570805073,0.5460713820960275,0,1,SH
0.8547176648489494,0.9181217060631972,0,1,SH
0.44662057082367723,0.8888615635565484,0,1,SH
0.13197917115998203,0.4703907828170244,0,1,SH
0.6735216725308526,0.9704740677473414,0,1,SH
0.045184368,0.8814233156717197,0,1,SH
0.12291880324285454,0.7081505884874961,0,1,SH
0.8474894632553174,0.8717534422944688,0,1,SH
0.6337396549717724,0.6563834097069936,0,1,SH
0.42028612363640083,0.7510169730898089,0,1,SH
0.16332763631773362,0.31125412421136844,0,1,SH
0.7094207659618474,0.8555548972706284,0,1,SH
0.24216152463985918,0.9608171964194543,0,1,SH
0.32183560800287614,0.32286715781818165,0,1,SH
0.5066120303051813,0.9545336129607511,0,1,SH
0.10437744697639317,0.6244186451188165,0,1,SH
0.2742010125137919,0.9596332598433681,0,1,SH
0.31596669655789933,0.5662134788145987,0,1,SH
0.24013700687428607,0.9255570347657924,0,1,SH
0.028248627,0.6337213141770008,0,1,SH
0.2232335749176142,0.7754120170505345,0,1,SH
0.15896068176991318,0.6105245214255532,0,1,SH
0.45542476781951113,0.7290643589741295,0,1,SH
0.5270988989439576,0.99548196,0,1,SH
0.27799851644982043,0.9211555789224233,0,1,SH
0.31019257295249636,0.5860877866832324,0,1,SH
0.090072079,0.9518368845892913,0,1,SH
0.076915239,0.6459431925567825,0,1,SH
0.6629630067564236,0.9767246485127179,0,1,SH
0.33081293201304596,0.8319917210448182,0,1,SH
0.20982952316965164,0.548116684,0,1,SH
0.1200354727022559,0.14806653587580554,0,1,SH
0.4771721808804126,0.7319420695070218,0,1,SH
0.13689521294020346,0.8384628582654157,0,1,SH
0.81811219,0.831993697,0,1,SH
0.46858349978015945,0.7440240880133004,0,1,SH
0.5668517407123765,0.6366743545050861,0,1,SH
0.005928592,0.17509441840144868,0,1,SH
0.502457337,0.983947218,0,1,SH
0.4822559321333735,0.6983398550942588,0,1,SH
0.7333230088654243,0.7770188177648523,0,1,SH
0.32233315492833126,0.7351630195033438,0,1,SH
0.4849708630286229,0.533584348,0,1,SH
0.2583542004412964,0.9812570079701473,0,1,SH
0.34380011373316877,0.7349766170512906,0,1,SH
0.18869538608166114,0.2079307939452273,0,1,SH
0.09954507,0.9527104152516372,0,1,SH
0.18919814389603928,0.5958709326596054,0,1,SH
0.011488697241408552,0.33145491511573977,0,1,SH
0.549713223,0.9509111578327516,0,1,SH
0.2944613566845937,0.7420954878048831,0,1,SH
0.6508747447064629,0.9841099614234008,0,1,SH
0.3886980319186304,0.5250625755722411,0,1,SH
0.4745917327880076,0.9924235590650501,0,1,SH
0.004276054,0.6460058817017926,0,1,SH
0.31922329667352045,0.69958895,0,1,SH
0.3943070450993591,0.6071496316952241,0,1,SH
0.10986307352486224,0.9318961738790086,0,1,SH
0.085172697,0.8097130994064556,0,1,SH
0.31907064703210963,0.3226432451780119,0,1,SH
0.34745485481983773,0.548814873,0,1,SH
0.39002283320701947,0.9595795653006958,0,1,SH
0.3018229327334536,0.7292638945917762,0,1,SH
0.4583203277431347,0.7092151384428855,0,1,SH
0.5081231106152455,0.6998336162751997,0,1,SH
0.24461144070081464,0.3781497594283194,0,1,SH
0.49952218849869023,0.5456243505648786,0,1,SH
0.5299406278518803,0.650070166,0,1,SH
0.2382138669917464,0.6389525291320641,0,1,SH
0.07927521,0.9636240555966402,0,1,SH
0.6571280297296587,0.9060187322834712,0,1,SH
0.2529790208458791,0.613901673,0,1,SH
0.4639495245816274,0.6383313784947342,0,1,SH
0.55680134,0.572788527,0,1,SH
0.4328051090695082,0.594773531,0,1,SH
0.29806149074414634,0.8790692756897349,0,1,SH
0.5031238592081397,0.9573251885624856,0,1,SH
0.11862218971576266,0.2913244909498056,0,1,SH
0.6524105301322329,0.8419743215963327,0,1,SH
0.084326909,0.5097632052081709,0,1,SH
0.5506262223122411,0.6732038488532017,0,1,SH
0.663020789,0.8889223556436057,0,1,SH
0.034223506,0.3188178198293954,0,1,SH
0.4708493756778822,0.6435644718172566,0,1,SH
0.4217782965713266,0.5929893371746571,0,1,SH
0.31142238312792014,0.8066473683983175,0,1,SH
0.40935347151476686,0.4660991570929809,0,1,SH
0.2013819729045414,0.6462922982927644,0,1,SH
0.23767655605683857,0.2428951036272584,0,1,SH
0.25384025941946997,0.5906914153519305,0,1,SH
0.6890724356342899,0.782302213,0,1,SH
0.12130740296191922,0.1310793691609664,0,1,SH
0.074904582,0.3105309308238373,0,1,SH
0.35367069276926455,0.4121571299842046,0,1,SH
0.4111446089014934,0.6011018491908877,0,1,SH
0.2066807608193173,0.7270829259470135,0,1,SH
0.017753681,0.7249475057246129,0,1,SH
0.6186571642330794,0.9056905362406638,0,1,SH
0.2553695071183173,0.7628544093062963,0,1,SH
0.2646445983773449,0.8944757021009508,0,1,SH
0.36244456947441295,0.7747479803552921,0,1,SH
0.5693408010434315,0.6435619643114778,0,1,SH
0.6488068881135745,0.963564446,0,1,SH
0.009793387,0.6754709777352641,0,1,SH
0.22566366732245635,0.7011150284524919,0,1,SH
0.4379620985135517,0.6563654312614655,0,1,SH
0.30588768965417135,0.895788856,0,1,SH
0.024536225048749305,0.46576275581170057,0,1,SH
0.2277398460504716,0.281597592,0,1,SH
0.03497202,0.7616414562771563,0,1,SH
0.5029609337150631,0.5139630718031172,0,1,SH
0.5944463619855309,0.6898368529941261,0,1,SH
0.043576254894586164,0.10563769854533933,0,1,SH
0.497948197,0.511360441,0,1,SH
0.24644991935115335,0.4271269415532022,0,1,SH
0.10279076764288253,0.1098201940643142,0,1,SH
0.40979164217146136,0.8258462703994927,0,1,SH
0.33512992752376247,0.4392297446656823,0,1,SH
0.053904575384203346,0.6282398786064811,0,1,SH
0.6280389370676607,0.867513246,0,1,SH
0.21569656665982628,0.42192229051005925,0,1,SH
0.051767528552988606,0.30917999800146023,0,1,SH
0.3307614453294967,0.9399661474520975,0,1,SH
0.078734035,0.7330418936382179,0,1,SH
0.021985526257112253,0.9145406257796174,0,1,SH
0.37234737939772566,0.7942746471378539,0,1,SH
0.33579593973091826,0.6832109150855139,0,1,SH
0.048595589,0.6465676218987908,0,1,SH
0.2440100318081242,0.8548005976528732,0,1,SH
0.297693843,0.3584160895197299,0,1,SH
0.1263458201593224,0.7065299949218404,0,1,SH
0.314190708,0.7168725716912647,0,1,SH
0.23082395976665504,0.9287802751096463,0,1,SH
0.15967254711464118,0.8155205246699202,0,1,SH
0.5315974242698975,0.6558043270416936,0,1,SH
0.2103977422261436,0.4391143430712454,0,1,SH
0.27014042386008996,0.8876692445605003,0,1,SH
0.13860604115125597,0.8987494545719101,0,1,SH
0.046429957,0.49186900532394495,0,1,SH
0.000890402,0.9830421742157844,0,1,SH
0.1624618474562598,0.4569962944122179,0,1,SH
0.8466346286874658,0.9661608577622718,0,1,SH
0.6918484954054975,0.8392869628254049,0,1,SH
0.31599732583340523,0.3917401356932886,0,1,SH
0.1273395170189191,0.9725309100116533,0,1,SH
0.21056509081970853,0.9891726257081381,0,1,SH
0.5593803526287753,0.6113317,0,1,SH
0.2921524294733968,0.7487235198194055,0,1,SH
0.6578261734319284,0.80464955,0,1,SH
0.021123703786519732,0.707350353,0,1,SH
0.6531089271861761,0.8363169732035625,0,1,SH
0.42605649573187665,0.4516319665569748,0,1,SH
0.071177963,0.8452092564303111,0,1,SH
0.5477293217533832,0.8685261335700494,0,1,SH
0.006227217,0.2676347382652662,0,1,SH
0.3650563714193271,0.8598522787451954,0,1,SH
0.12529021025396858,0.3777050391594816,0,1,SH
0.36491575003181786,0.9359968368744653,0,1,SH
0.230655285,0.4395601313350974,0,1,SH
0.24325012845052196,0.502265402,0,1,SH
0.3718408562538311,0.8184111045101166,0,1,SH
0.43918028416927823,0.7306737421789715,0,1,SH
0.36773375396925534,0.7606349913593551,0,1,SH
0.2626754565079348,0.41825209138167807,0,1,SH
0.34072240621367955,0.945493677,0,1,SH
0.45828319611581736,0.582811582,0,1,SH
0.6230974809193244,0.7180982639440829,0,1,SH
0.7276175792174775,0.7953918434095664,0,1,SH
0.25735058567329494,0.37431793055119233,0,1,SH
0.4451749618629701,0.8968157524193066,0,1,SH
0.56601158,0.7895407000491919,0,1,SH
0.26002746938412447,0.4931495015948868,0,1,SH
0.23733383843941414,0.8163388293024172,0,1,SH
0.5035923144496959,0.931933037,0,1,SH
0.781617955,0.8585856677088974,0,1,SH
0.18978192173253983,0.40763666956299827,0,1,SH
0.23329812762742064,0.342042928,0,1,SH
0.097604858,0.5365841309881072,0,1,SH
0.440224867,0.9533812552772065,0,1,SH
0.5699232638739715,0.728256129,0,1,SH
0.5745969490387755,0.6688374662217802,0,1,SH
0.8485625982346665,0.9694840720062001,0,1,SH
0.072415863,0.6728092025601775,0,1,SH
0.5320146117579634,0.983894603,0,1,SH
0.33779627505702536,0.3744526390449452,0,1,SH
0.021300715,0.2273678320517385,0,1,SH
0.11216852040053582,0.7322964771291862,0,1,SH
0.8628071896611562,0.9620952900225295,0,1,SH
0.041990694,0.7109942104827478,0,1,SH
0.052558180361846896,0.46243461320226076,0,1,SH
0.001872164,0.14515113559229964,0,1,SH
0.19534657087540297,0.26228086249861415,0,1,SH
0.5491168036249343,0.8641952796460406,0,1,SH
0.7859471021707432,0.9395480025686587,0,1,SH
0.11052352600575532,0.9953523501497843,0,1,SH
0.4020960337426285,0.680802252,0,1,SH
0.36393031316703106,0.6819978481318505,0,1,SH
0.040592992,0.099293385,0,1,SH
0.006158924,0.7015558057445483,0,1,SH
0.13475532666985313,0.7140500497677593,0,1,SH
0.577011389,0.8475782811937924,0,1,SH
0.37223520496984497,0.4491864729696562,0,1,SH
0.5723770577721732,0.8732067555113989,0,1,SH
0.4494669025708484,0.45269049323436183,0,1,SH
0.7013898862744812,0.8797493151506575,0,1,SH
0.506742835,0.8757310161406193,0,1,SH
0.7714255751850052,0.9386338506250875,0,1,SH
0.8975874978457072,0.9429606826190264,0,1,SH
0.013526364,0.7104333084689101,0,1,SH
0.00965276,0.13638455561435614,0,1,SH
0.42852730724563703,0.5882915990563073,0,1,SH
0.094358,0.3448215956573817,0,1,SH
0.026274899896599813,0.6857533737714097,0,1,SH
0.2984561357153974,0.8902901433589161,0,1,SH
0.8052561047529738,0.9990131794957371,0,1,SH
0.4191333578674641,0.6602297743869665,0,1,SH
0.2948879105395541,0.9506887718700099,0,1,SH
0.17534453843235687,0.5130972841541854,0,1,SH
0.065494816,0.4768822463904341,0,1,SH
0.47918573050669533,0.9192004168629815,0,1,SH
0.3360773806534125,0.5347947855969841,0,1,SH
0.3920968734650496,0.7942257226092124,0,1,SH
0.32589767277776915,0.42931904666435927,0,1,SH
0.7528529901700676,0.821826789,0,1,SH
0.038878257656279835,0.9926234972499846,0,1,SH
0.047971981,0.9456731717699367,0,1,SH
0.23234497472570337,0.46804986291889916,0,1,SH
0.073868743,0.8488322762939182,0,1,SH
0.20837895882415491,0.8189779305316771,0,1,SH
0.43091872864814706,0.6616167511804385,0,1,SH
0.12208602123158707,0.5078797480543726,0,1,SH
0.375456764,0.7784384920451315,0,1,SH
0.12130647121183813,0.2518256875742988,0,1,SH
0.3185200238895023,0.6770815100490715,0,1,SH
0.052132456,0.063319457,0,1,SH
0.006080844,0.5506636110535523,0,1,SH
0.3972680170972229,0.6593080290940638,0,1,SH
0.037219654,0.6460213148851641,0,1,SH
0.7443341459915029,0.8876763389380873,0,1,SH
0.6374089974028012,0.8849673563263636,0,1,SH
0.71648786,0.8879257552958819,0,1,SH
0.1337206237773625,0.5563818760124335,0,1,SH
0.1898697467681565,0.5229914345428339,0,1,SH
0.6865084973737232,0.8756807684090528,0,1,SH
0.2898055133320985,0.549655356,0,1,SH
0.46765819306366163,0.5909070149715299,0,1,SH
0.020034850882388655,0.1440303765309363,0,1,SH
0.4068474189714333,0.6569334317841677,0,1,SH
0.1865652076312736,0.8802571368191254,0,1,SH
0.4252246786585072,0.8628927657895216,0,1,SH
0.002812609,0.11262805367627626,0,1,SH
0.7251009341598718,0.7535275848326413,0,1,SH
0.15246663465073707,0.1955412846926361,0,1,SH
0.2578148885508662,0.30676438,0,1,SH
0.093146952,0.5743727221103903,0,1,SH
0.46020665076536593,0.7304782368594593,0,1,SH
0.2778643605472373,0.5263222313996512,0,1,SH
0.48191468387372915,0.6164317177120227,0,1,SH
0.6132263963449598,0.7344801940276187,0,1,SH
0.5587736152890741,0.7550871680948374,0,1,SH
0.12392825312610856,0.4657894772225737,0,1,SH
0.14197162483992365,0.9285655125793257,0,1,SH
0.9587429309952424,0.9720417888257336,0,1,SH
0.29006450283452345,0.9641176287387736,0,1,SH
0.073478524,0.079957227,0,1,SH
0.5131082009451673,0.7180039686088246,0,1,SH
0.4968539702175099,0.9642644403600944,0,1,SH
0.098772307,0.407562229,0,1,SH
0.4100584238776197,0.7561256989030307,0,1,SH
0.31776860658799455,0.9466461157641384,0,1,SH
0.8163704748357665,0.8449496743956058,0,1,SH
0.072296764,0.1665912727120058,0,1,SH
0.36742985825411356,0.7060898467467196,0,1,SH
0.48457605026598327,0.5095133624149151,0,1,SH
0.3431173230986979,0.8875156387722054,0,1,SH
0.039659862,0.5895846963679363,0,1,SH
0.5671561515089041,0.6227028246222572,0,1,SH
0.7404753994572142,0.7510842497393297,0,1,SH
0.33691348431504076,0.9397772200310406,0,1,SH
0.35544311854546673,0.8459463136384027,0,1,SH
0.045409162,0.4920120944361821,0,1,SH
0.034612822,0.9361309785313332,0,1,SH
0.3507968615706507,0.5776110524776454,0,1,SH
0.26534361336139334,0.4468548746028962,0,1,SH
0.3523341532030553,0.8321577680717842,0,1,SH
0.8154907276143508,0.8499102212985943,0,1,SH
0.31208539252929524,0.9533540542430137,0,1,SH
0.10305792502614453,0.9142330820597873,0,1,SH
0.1319247935235297,0.7868933756704775,0,1,SH
0.11491945956161675,0.48102804089811957,0,1,SH
0.11588077099937011,0.2805883487900884,0,1,SH
0.16233875089194072,0.560173049,0,1,SH
0.8369295622554211,0.9542863006802516,0,1,SH
0.3239996288314948,0.8868233781966424,0,1,SH
0.4440616220878124,0.8355154116804349,0,1,SH
0.44330805192397893,0.8723401416903223,0,1,SH
0.561920488,0.8325770553734235,0,1,SH
0.017390212,0.6569314114032909,0,1,SH
0.1162876300612885,0.2645135642218237,0,1,SH
0.1464217817994493,0.7403326605497034,0,1,SH
0.12172676655998438,0.7277398678572653,0,1,SH
0.2501100977719126,0.8191654369153931,0,1,SH
0.11680898685498953,0.5255495685983183,0,1,SH
0.10306677208832271,0.45543483523739847,0,1,SH
0.052181326129385974,0.34926533076147326,0,1,SH
0.08237635,0.10454559650714002,0,1,SH
0.7293773201700962,0.9204546434724585,0,1,SH
0.7179306044582725,0.8894272374685619,0,1,SH
0.295960153,0.6587553312331489,0,1,SH
0.5069799000478985,0.6743035640196711,0,1,SH
0.6506859763002313,0.6996912287550576,0,1,SH
0.5323709988201066,0.7797734497967332,0,1,SH
0.7713155104072946,0.9767277115819664,0,1,SH
0.041557742,0.7667134863046634,0,1,SH
0.2560952133013781,0.5860564770659031,0,1,SH
0.3521573985808344,0.5699264953149263,0,1,SH
0.36219896261231344,0.8924876515675266,0,1,SH
0.21215918885591534,0.5428165942289638,0,1,SH
0.47149372847856186,0.5087511675026375,0,1,SH
0.024140961,0.1567913873350173,0,1,SH
0.8331088358346517,0.9768558145371107,0,1,SH
0.076882134,0.6446437453905565,0,1,SH
0.13723002108553484,0.388987714,0,1,SH
0.1103648723816224,0.868309751,0,1,SH
0.19037508051156427,0.48801272315640487,0,1,SH
0.001635756,0.32329471544389277,0,1,SH
0.33927281103471607,0.48743457255223555,0,1,SH
0.038382835,0.2635627205426807,0,1,SH
0.3748994424502643,0.5419257516350882,0,1,SH
0.059745967,0.9435011924621852,0,1,SH
0.15414310676242304,0.24016289766730625,0,1,SH
0.22061302849892095,0.38863174590663907,0,1,SH
0.013074889919383104,0.640346149,0,1,SH
0.8935698610659355,0.9032170055622035,0,1,SH
0.3130349442332421,0.49107635858576093,0,1,SH
0.35486255032492386,0.892963416,0,1,SH
0.059016989,0.2986246420595928,0,1,SH
0.044796831527711634,0.098382088,0,1,SH
0.3384523420500196,0.8077495447755805,0,1,SH
0.37427421326312205,0.4885321471940778,0,1,SH
0.26421600435315984,0.598423242,0,1,SH
0.7006394462792684,0.819109454,0,1,SH
0.1662593726890551,0.5094873876889228,0,1,SH
0.089726471,0.7888784363559516,0,1,SH
0.6350271938553076,0.9000200053247485,0,1,SH
0.2850009795210331,0.3745526021538532,0,1,SH
0.050135704,0.788703474,0,1,SH
0.1163221145213913,0.15683759072273218,0,1,SH
0.8122435240368859,0.8256742219686917,0,1,SH
0.007029516,0.1948468098994227,0,1,SH
0.29784522361723176,0.5898076160378538,0,1,SH
0.4321385264617279,0.815608248,0,1,SH
0.6916265683778089,0.7739546795097327,0,1,SH
0.4659467596007396,0.996160045,0,1,SH
0.43427229943295287,0.661548139,0,1,SH
0.23399319762028403,0.9031366866897954,0,1,SH
0.030032657486931624,0.6985871289323851,0,1,SH
0.5322680503170913,0.9285603165390113,0,1,SH
0.15757300523155937,0.37674727679125253,0,1,SH
0.5418073279966422,0.7316262188496521,0,1,SH
0.13654131052726304,0.4918201872689374,0,1,SH
0.1535249608418765,0.875250126,0,1,SH
0.085138691,0.6179249019773021,0,1,SH
0.009340679,0.4548542353536602,0,1,SH
0.2609280713358415,0.6951254057755445,0,1,SH
0.035900075864761405,0.4762482365987024,0,1,SH
0.2521786412984559,0.6266010750288749,0,1,SH
0.27277029845322853,0.7054459255585972,0,1,SH
0.7339841485005376,0.8356101347514469,0,1,SH
0.7098339584765958,0.9156225907716131,0,1,SH
0.38035441441006435,0.9943021890983996,0,1,SH
0.2011158973344065,0.3688818048176785,0,1,SH
0.718716532,0.8517721315955396,0,1,SH
0.604720168,0.7920127207364307,0,1,SH
0.7644354416486487,0.8129572089934389,0,1,SH
0.11426594122599609,0.5943608785125598,0,1,SH
0.2984702437878317,0.9669316166096502,0,1,SH
0.33531132294774313,0.9122154396408078,0,1,SH
0.2071910934504786,0.7400617337549462,0,1,SH
0.005396201,0.6829561226820893,0,1,SH
0.3901216999006041,0.6866776312415561,0,1,SH
0.15146666314015556,0.4927973515031967,0,1,SH
0.462375701,0.5550884829549205,0,1,SH
0.027059106506929886,0.075432986,0,1,SH
0.000145134,0.6416644823004474,0,1,SH
0.4715838868411222,0.5592175957747223,0,1,SH
0.5744428244735906,0.6831087701198797,0,1,SH
0.38999389164375553,0.5149276495927513,0,1,SH
0.043167497,0.7797941838482547,0,1,SH
0.3408764779571094,0.4282994589404754,0,1,SH
0.1559989892861262,0.2682963730903194,0,1,SH
0.734773706,0.846650135,0,1,SH
0.7628861883383291,0.8128019676281868,0,1,SH
0.20878906011417597,0.8394171146879501,0,1,SH
0.34504625184885107,0.8011596688425295,0,1,SH
0.4375302852738916,0.5927453109795993,0,1,SH
0.17038762498935367,0.49806231974166604,0,1,SH
0.009375904,0.6051313749543747,0,1,SH
0.47615408145639604,0.9361317386883987,0,1,SH
0.028016844,0.48432193318140837,0,1,SH
0.2693317788924223,0.6939311635929055,0,1,SH
0.5613709416419803,0.7805925303741366,0,1,SH
0.2540193987070434,0.32116938700494013,0,1,SH
0.881894713,0.9013341903027732,0,1,SH
0.028644731470929496,0.090955193,0,1,SH
0.21350410828204036,0.7842167881820428,0,1,SH
0.085206839,0.84800033,0,1,SH
0.19154968530980931,0.2588179587540522,0,1,SH
0.35798669265274463,0.4940393437809538,0,1,SH
0.10616847638975946,0.7879636380733472,0,1,SH
0.15925297564532204,0.596481944,0,1,SH
0.23177235423447495,0.6048100034005206,0,1,SH
0.016211666931188473,0.9306561371776085,0,1,SH
0.2884459165612492,0.6090049655948708,0,1,SH
0.8867122767784625,0.9969031883161852,0,1,SH
0.53509097,0.6332058291390681,0,1,SH
0.5514304723326227,0.7967274282817585,0,1,SH
0.14389832494381638,0.5898234064636398,0,1,SH
0.048697531868929333,0.8630674168280326,0,1,SH
0.087982351,0.091918667,0,1,SH
0.000582766,0.6205181660904433,0,1,SH
0.1714005837796655,0.7063219152312816,0,1,SH
0.7026892311998576,0.9742756804031754,0,1,SH
0.27343970851160093,0.5601560664753693,0,1,SH
0.4337717954263576,0.6199323790160371,0,1,SH
0.2495709055997435,0.38932674753925056,0,1,SH
0.060913031,0.43788631747038265,0,1,SH
0.018605264,0.11031752010858087,0,1,SH
0.007087692,0.5511808360517119,0,1,SH
0.027289237875723904,0.047528067,0,1,SH
0.5712789482200904,0.7540771026008255,0,1,SH
0.089522892,0.7429544070003695,0,1,SH
0.1455886130221753,0.7898915243502651,0,1,SH
0.8549825799496433,0.9343531717302538,0,1,SH
0.019244038959351117,0.8488171610774748,0,1,SH
0.36106221881130574,0.5008863874125791,0,1,SH
0.767611954,0.7677678358295124,0,1,SH
0.511316873,0.6589721806527029,0,1,SH
0.064665183,0.2898837027020935,0,1,SH
0.3274425710151099,0.6431321602509266,0,1,SH
0.1531244978797084,0.26011922592405523,0,1,SH
0.929350706,0.9906138654183407,0,1,SH
0.6911502818176907,0.8775750282403023,0,1,SH
0.3932581724236348,0.6356551788777902,0,1,SH
0.13793401745134948,0.7996482465956836,0,1,SH
0.45037994205923204,0.8375513867543867,0,1,SH
0.029686250067154862,0.084177519,0,1,SH
0.32783773011524064,0.6588416484540114,0,1,SH
0.063996738,0.388560994,0,1,SH
0.3992715988831874,0.8031842166664143,0,1,SH
0.41790134204649854,0.8417696757426398,0,1,SH
0.050702925621269435,0.090894514,0,1,SH
0.3979044173409232,0.9559373074391202,0,1,SH
0.4027497677686638,0.8884137986693061,0,1,SH
0.7793969670407233,0.8791447137235775,0,1,SH
0.29764773109813736,0.3925125275767778,0,1,SH
0.046586022,0.8532399197332197,0,1,SH
0.1764349843373263,0.7668328915625138,0,1,SH
0.7065355502958415,0.8395525821803973,0,1,SH
0.4825447312935105,0.8720969621371546,0,1,SH
0.2884768223986913,0.5941539503668738,0,1,SH
0.19823977522768965,0.5768514305566399,0,1,SH
0.6057645416269144,0.6398047078067697,0,1,SH
0.48661101268587337,0.5115904276552583,0,1,SH
0.5934846168853753,0.8954186060458988,0,1,SH
0.549936107,0.8779084114170643,0,1,SH
0.3995809472970764,0.9921374686322062,0,1,SH
0.5189637367374245,0.8673941884139582,0,1,SH
0.5852270025847646,0.797279141,0,1,SH
0.010856610899780739,0.3267905181290238,0,1,SH
0.37896694512614637,0.7056985962352769,0,1,SH
0.6751901796949002,0.8451005864800576,0,1,SH
0.31203702757384333,0.5709993900669905,0,1,SH
0.081457849,0.6545189137808243,0,1,SH
0.1737067526767797,0.895073356,0,1,SH
0.094330793,0.11463124564282601,0,1,SH
0.5991306593484951,0.933224032,0,1,SH
0.4931640893252154,0.9580218723500395,0,1,SH
0.029511703124322608,0.059392864029925274,0,1,SH
0.020932164321811664,0.044966879971775064,0,1,SH
0.030752630761611055,0.11986043819366254,0,1,SH
0.18400125963699754,0.5665300503494557,0,1,SH
0.5744942977741367,0.7420139393367793,0,1,SH
0.7737732133693707,0.8216874899686282,0,1,SH
0.20804453621468078,0.9595717680261615,0,1,SH
0.044999113,0.12217375202927805,0,1,SH
0.66045488,0.8402258139138903,0,1,SH
0.066497822,0.9618988705694693,0,1,SH
0.8283032211195611,0.9406888680848489,0,1,SH
0.8694098120686555,0.9521897409069384,0,1,SH
0.065949954,0.7178050355310257,0,1,SH
0.7280274360714134,0.8387584610906036,0,1,SH
0.28871703268051374,0.7652492088715994,0,1,SH
0.758626389,0.8628636951118624,0,1,SH
0.002769067,0.19605702870642316,0,1,SH
0.014446917980897922,0.084334734,0,1,SH
0.4896712234801288,0.6036659807447367,0,1,SH
0.4816783498540973,0.6836890388559091,0,1,SH
0.5909183612902658,0.6707202360884028,0,1,SH
0.6156328713292853,0.7752200471220241,0,1,SH
0.2977284264899165,0.48774145719566864,0,1,SH
0.8475324282311041,0.9871439869362639,0,1,SH
0.48018443441383574,0.6545583039488632,0,1,SH
0.001985981,0.5646956612322529,0,1,SH
0.03574905,0.054011486,0,1,SH
0.37731017572385506,0.5483685465054586,0,1,SH
0.2350077509675106,0.8586176385955326,0,1,SH
0.45031536605140565,0.6007025406890703,0,1,SH
0.5026790199206386,0.5392669022903616,0,1,SH
0.5619095329552708,0.6084795352225638,0,1,SH
0.4137972797855993,0.9017503482693916,0,1,SH
0.767962177,0.7719210319114114,0,1,SH
0.36367085874071226,0.6620049441524494,0,1,SH
0.31391950266949453,0.7623355062329524,0,1,SH
0.47352072756217245,0.8502033562821143,0,1,SH
0.7871126149937353,0.8119813353965397,0,1,SH
0.4498139604762643,0.794087106,0,1,SH
0.27696895895707807,0.9197263955172466,0,1,SH
0.17895133532084562,0.811298425,0,1,SH
0.36697399036713807,0.8022560443567341,0,1,SH
0.4039592514210548,0.4816122884095744,0,1,SH
0.2518703626029566,0.7054554825758521,0,1,SH
0.429552941,0.9887407747030368,0,1,SH
0.19287784753063653,0.5894292257671156,0,1,SH
0.24510660308669174,0.7171109629061989,0,1,SH
0.036056075858070136,0.8987147164087104,0,1,SH
0.4510246084705807,0.5040905813373739,0,1,SH
0.6695385807574241,0.9392016918539623,0,1,SH
0.30501876788240456,0.9129020040085964,0,1,SH
0.18357725395092395,0.8974053052006317,0,1,SH
0.4623181564044365,0.7111183172605073,0,1,SH
0.6572245535305206,0.9593413294638777,0,1,SH
0.446969814,0.8829179445910669,0,1,SH
0.3502910273736157,0.9616918912970578,0,1,SH
0.6774534364821039,0.6818001975896135,0,1,SH
0.5983633693696175,0.6929297284800875,0,1,SH
0.7092934294723883,0.9850824509620995,0,1,SH
0.7065494271956616,0.9888319737051663,0,1,SH
0.1258232317709984,0.5273802794457816,0,1,SH
0.087407822,0.45179772318088207,0,1,SH
0.11104125434014578,0.46629103797304894,0,1,SH
0.05739356,0.40927316539605174,0,1,SH
0.36972826805182435,0.8676623089543867,0,1,SH
0.4371201587401077,0.9650008664650143,0,1,SH
0.092829236,0.8865971382122917,0,1,SH
0.4000003172117792,0.8389465063159789,0,1,SH
0.3276999087186794,0.6409843196634215,0,1,SH
0.026206393013715745,0.15963405322604407,0,1,SH
0.057292776,0.9716134991211751,0,1,SH
0.24608295018923343,0.421826182,0,1,SH
0.334737347,0.5557787367419094,0,1,SH
0.089146918,0.7561779764181158,0,1,SH
0.5445443492404378,0.8384369678680248,0,1,SH
0.41095060896475366,0.8160436366422001,0,1,SH
0.22005867523660494,0.2679357353397045,0,1,SH
0.177857289,0.20556111215288952,0,1,SH
0.13026869696723242,0.31629167356756827,0,1,SH
0.12345441989440586,0.18356991624545338,0,1,SH
0.28505205693194435,0.940887435,0,1,SH
0.31357491755145017,0.3558003771536473,0,1,SH
0.069251137,0.9498855964102848,0,1,SH
0.043297153,0.12672652589090183,0,1,SH
0.14121999784614192,0.7133371285260899,0,1,SH
0.4187535923580239,0.7402464711854133,0,1,SH
0.6723290780946098,0.9035390140207473,0,1,SH
0.18914605785203276,0.42452693695699684,0,1,SH
0.16643050128419046,0.9689108390933348,0,1,SH
0.042724821,0.7773220984691049,0,1,SH
0.5435824403876408,0.8829150969358537,0,1,SH
0.011104806382970178,0.6810396788370496,0,1,SH
0.1846706653393273,0.4253204680613696,0,1,SH
0.3270823716913893,0.5289987853023148,0,1,SH
0.353490929,0.5662187712147995,0,1,SH
0.446804406,0.8025213588771665,0,1,SH
0.14091564679881197,0.6773978061100545,0,1,SH
0.13312216826123469,0.5904455781775699,0,1,SH
0.16200299178531252,0.28716912174042575,0,1,SH
0.2115945926599485,0.22789929248290508,0,1,SH
0.1104475076076199,0.8452522571390175,0,1,SH
0.4481858377281789,0.6886183359358806,0,1,SH
0.2794153883966859,0.3785017393071086,0,1,SH
0.5726654738775026,0.6497845928660724,0,1,SH
0.6562973002330454,0.7862633211659373,0,1,SH
0.257938354,0.3548411909812592,0,1,SH
0.7642433399393453,0.8840952820639003,0,1,SH
0.3350326739298033,0.6737945698357732,0,1,SH
0.5686095974205241,0.6224003692603033,0,1,SH
0.17480233458217032,0.7316446341426803,0,1,SH
0.18354724409800172,0.3649395749409241,0,1,SH
0.4856921975828281,0.6319604300678694,0,1,SH
0.38814539221336797,0.4362054031779936,0,1,SH
0.10620660791775172,0.9609992829802112,0,1,SH
0.1216576361070365,0.3988419096806388,0,1,SH
0.1187198055781633,0.38209709497791144,0,1,SH
0.28916197359664864,0.5577964483611151,0,1,SH
0.031745463,0.8493548156458661,0,1,SH
0.073347719,0.7396506548655579,0,1,SH
0.3560183966893884,0.6417234975303092,0,1,SH
0.10810108403610874,0.3515915231578728,0,1,SH
0.7223064193277204,0.9870139188828952,0,1,SH
0.14800978437723655,0.6390805818366037,0,1,SH
0.38267555437269807,0.7833733142932906,0,1,SH
0.5116501723414251,0.854903957,0,1,SH
0.034514214,0.45230920736627334,0,1,SH
0.036445939124936544,0.078530767,0,1,SH
0.4883560272992882,0.7057920089014622,0,1,SH
0.22537833256185635,0.9478139885600447,0,1,SH
0.24225752697162806,0.29604959437560985,0,1,SH
0.11515033656762741,0.47916936631853524,0,1,SH
0.16319124117334294,0.8277126281786082,0,1,SH
0.054006045360598165,0.8720707771231269,0,1,SH
0.17393233465106706,0.5008895917819052,0,1,SH
0.6464898423010363,0.7416386451550723,0,1,SH
0.044753042472738036,0.6864727708280869,0,1,SH
0.8594835503549652,0.8876538945842536,0,1,SH
0.050383514,0.7148612326292632,0,1,SH
0.7328556528044963,0.8641767002262388,0,1,SH
0.6082678814610254,0.7908646834894668,0,1,SH
0.046559526590733036,0.6899379227191811,0,1,SH
0.7255651065805344,0.7720601412640311,0,1,SH
0.23983984984664986,0.6242181257585331,0,1,SH
0.3916257858986165,0.7529909433735738,0,1,SH
0.8780981517426834,0.9748359125497903,0,1,SH
0.8256890879576342,0.901904943,0,1,SH
0.34259162658322495,0.3549233327478938,0,1,SH
0.4022890991726886,0.4508488952004346,0,1,SH
0.8114069962269945,0.9658363056948489,0,1,SH
0.17184990596920557,0.6447855613415534,0,1,SH
0.11355528597783682,0.7996788657638885,0,1,SH
0.16420322863233605,0.240113527,0,1,SH
0.1561764506446386,0.7788889048692462,0,1,SH
0.25618503358491806,0.6251846856737255,0,1,SH
0.6182089050350439,0.8018353407524921,0,1,SH
0.06107214,0.8151326314815583,0,1,SH
0.086017541,0.5879454231314145,0,1,SH
0.087322682,0.939301908,0,1,SH
0.027394842571420774,0.534324778,0,1,SH
0.677483169,0.76563071,0,1,SH
0.5113325069032297,0.8011128027941792,0,1,SH
0.5318935404967853,0.9403472448865475,0,1,SH
0.19811142176338414,0.35340655080538697,0,1,SH
0.4454013498378999,0.851406946,0,1,SH
0.627173224,0.668758448,0,1,SH
0.014799374043712676,0.026962505,0,1,SH
0.7771979421641222,0.9642666008631184,0,1,SH
0.19819356640322572,0.9324592685209223,0,1,SH
0.061764986,0.4494812858158881,0,1,SH
0.8300264107832418,0.8643399529658973,0,1,SH
0.1717826257471815,0.696908777,0,1,SH
0.056234073,0.964721803,0,1,SH
0.16308335577007105,0.8394146055111416,0,1,SH
0.43246341749519024,0.47925554892552213,0,1,SH
0.2306870489311108,0.8469957735902764,0,1,SH
0.7450109529769064,0.7789539645512507,0,1,SH
0.049739539,0.7324325821048245,0,1,SH
0.3008299572395161,0.5558111720579919,0,1,SH
0.2856099497761182,0.6236490602058995,0,1,SH
0.6467597544660346,0.97074767,0,1,SH
0.004294014,0.6539391261210017,0,1,SH
0.6311863155505757,0.8431870242589261,0,1,SH
0.4095689207445421,0.6366062062546105,0,1,SH
0.027093694649757305,0.6376614861479051,0,1,SH
0.025956693,0.9528260291076607,0,1,SH
0.29980498503955455,0.9420497499250413,0,1,SH
0.5810378074720968,0.6091522490378041,0,1,SH
0.6047622418936098,0.8865269017020534,0,1,SH
0.018810327541239014,0.6598912489505058,0,1,SH
0.48805968741765104,0.5518848514576185,0,1,SH
0.3704678204480054,0.7135219746780781,0,1,SH
0.3962350067855529,0.9425136561076914,0,1,SH
0.12321168017868667,0.8509548422567317,0,1,SH
0.4295631863385474,0.5024157416029855,0,1,SH
0.39838295624863185,0.6491288985544825,0,1,SH
0.034134920786203615,0.18598973703232557,0,1,SH
0.3442838514956086,0.5483946504867359,0,1,SH
0.18559443383993157,0.49815761377650825,0,1,SH
0.1602073021087509,0.8545221576908659,0,1,SH
0.6206138247327369,0.9079414442982936,0,1,SH
0.23205379472434928,0.6022070687113958,0,1,SH
0.4582767408192576,0.499914754,0,1,SH
0.3339231164395893,0.7631184549345678,0,1,SH
0.4818795979534538,0.7680195896801985,0,1,SH
0.4864413322235992,0.5830587654411215,0,1,SH
0.018788683788237615,0.38705403624684553,0,1,SH
0.2812804426547264,0.3408215665730241,0,1,SH
0.23157512048764417,0.2926944664529392,0,1,SH
0.033672168,0.23383573913862232,0,1,SH
0.070028448,0.6810077422624345,0,1,SH
0.47338581380653744,0.8958202179552397,0,1,SH
0.3606810180584825,0.37480907291743026,0,1,SH
0.5886986447710103,0.8778250880441327,0,1,SH
0.4235959363283186,0.4506625075973447,0,1,SH
0.8512865515696018,0.8805897267786682,0,1,SH
0.006190274,0.04078216,0,1,SH
0.3467191427042511,0.9855014911081128,0,1,SH
0.2515548095709983,0.8620265619452199,0,1,SH
0.062026772,0.11098000145968312,0,1,SH
0.13303374402176016,0.7132962340139604,0,1,SH
0.5093150715694157,0.7398612495961894,0,1,SH
0.4595047399231966,0.9463800835510874,0,1,SH
0.7509491242875492,0.9519555415067995,0,1,SH
0.10390274052900006,0.33632012418684964,0,1,SH
0.5323240849719253,0.8917221924735708,0,1,SH
0.23132564606112194,0.6755813537828799,0,1,SH
0.16597149581777892,0.8844587474675694,0,1,SH
0.16961741869665836,0.9551106229796005,0,1,SH
0.2679767152897492,0.518211679,0,1,SH
0.45585768288312467,0.6821427396856874,0,1,SH
0.1356563132005475,0.6534686195232953,0,1,SH
0.36758665300025606,0.7034945764284601,0,1,SH
0.12185974775915165,0.28855948458366965,0,1,SH
0.6132616967819906,0.9116247804663857,0,1,SH
0.044189523624212246,0.8899452275297741,0,1,SH
0.9244205988142595,0.9977988120375518,0,1,SH
0.16842186013703953,0.7914375208450481,0,1,SH
0.6878460696477446,0.8901876835203764,0,1,SH
0.059786456658045495,0.6239739329929825,0,1,SH
0.077413885,0.7659839029919406,0,1,SH
0.26905363310972996,1,0,0.5214869213119017,PD
0.5340151693539019,1,0,0.6394171359298865,PD
0.26675444398826254,1,0,0.8705035893235137,PD
0.15669385611615594,1,0,0.6275426847014451,PD
0.1937410045048229,1,0,0.6004166818369804,PD
0.22213284026191427,1,0,0.5950287106374246,PD
0.8470348349885628,1,0,0.9101283135241006,PD
0.5049222418440078,1,0,0.8523286475909574,PD
0.22784964100702498,1,0,0.9070597826187542,PD
0.6428629926364486,1,0,0.7224103490265095,PD
0.9620084027372422,1,0,0.9956639314301048,PD
0.35428588636705816,1,0,0.8857282268500041,PD
0.43611313483206215,1,0,0.8376737810737671,PD
0.4019075145376174,1,0,0.880560723,PD
0.25793833247345077,1,0,0.6551505217666896,PD
0.7341115501735438,1,0,0.9356979067497907,PD
0.5841780427896028,1,0,0.9524720056069802,PD
0.16189300229821524,1,0,0.8668200333472407,PD
0.5032270013136861,1,0,0.5565022236654944,PD
0.11851009536346502,1,0,0.7575278761586457,PD
0.15674323000593726,1,0,0.8463421421581079,PD
0.3788218383006321,1,0,0.7532527507079694,PD
0.34371920050761795,1,0,0.6667511138071972,PD
0.29899517362455685,1,0,0.7754783814941631,PD
0.7183241999897945,1,0,0.8932604112783211,PD
0.13622108742123995,1,0,0.9594375145678387,PD
0.41166140223332515,1,0,0.7343878991020673,PD
0.3002925007769963,1,0,0.6482448495702543,PD
0.032177632335900874,1,0,0.637652443,PD
0.3138123166872795,1,0,0.8120405516122716,PD
0.37028547697480896,1,0,0.5884523462649449,PD
0.29580596393407643,1,0,0.8279241532350087,PD
0.7374525889847381,1,0,0.8633184537970915,PD
0.649592438,1,0,0.7421943493113393,PD
0.043668631318740436,1,0,0.8888357851642383,PD
0.3995151661361023,1,0,0.7922900530650392,PD
0.6019029625408507,1,0,0.8203003284822834,PD
0.26847024633553374,1,0,0.834115325,PD
0.002189335,1,0,0.7479744837176554,PD
0.06169419,1,0,0.6757260321143272,PD
0.019867931328959143,1,0,0.5395415692328421,PD
0.083021021,1,0,0.7859434912512246,PD
0.051648506,1,0,0.9433711962203244,PD
0.7390452214867695,1,0,0.7468052963720795,PD
0.22123947686618006,1,0,0.7315993868553488,PD
0.49441122566447393,1,0,0.8825003189445664,PD
0.21168619455316717,1,0,0.6314259349710256,PD
0.17540474662104866,1,0,0.7893490377897675,PD
0.7100780086911578,1,0,0.793478965,PD
0.14219390219864247,1,0,0.7444515953799895,PD
0.20820891602250802,1,0,0.7397533903887238,PD
0.26385267055118855,1,0,0.691961701,PD
0.6060287343902471,1,0,0.6223805630722069,PD
0.3149318180462912,1,0,0.6962752412225203,PD
0.009146323,1,0,0.6926055723323975,PD
0.16189674877377747,1,0,0.6101176343191829,PD
0.780466949,1,0,0.904169415,PD
0.19265865543285177,1,0,0.6373886099577244,PD
0.070710772,1,0,0.7454287180187255,PD
0.8624791709793598,1,0,0.8911383604987397,PD
0.5278293370894411,1,0,0.9063071254013172,PD
0.6260841024622839,1,0,0.7383521353928433,PD
0.5459193622304068,1,0,0.8784344606463403,PD
0.6640963361276033,1,0,0.9560244909774953,PD
0.27262818321480853,1,0,0.6332800199535137,PD
0.10649211152616034,1,0,0.6171864537822555,PD
0.21412710351990216,1,0,0.9908813906113805,PD
0.030508970571979876,1,0,0.8170117125469684,PD
0.7571889432789463,1,0,0.8270540264904754,PD
0.4666580676766563,1,0,0.7036432475342201,PD
0.39896358412480804,1,0,0.656629523,PD
0.6297242471845574,1,0,0.9872066005964313,PD
0.7770599235209845,1,0,0.9895186791292913,PD
0.23942656937026707,1,0,0.7996291546013324,PD
0.5748962529684625,1,0,0.9805411897356375,PD
0.5178882991411278,1,0,0.6910717600022984,PD
0.2938516862921654,1,0,0.7856108575863683,PD
0.47580180739684796,1,0,0.5615676810592153,PD
0.20909384897317085,1,0,0.5538282079923235,PD
0.096009122,1,0,0.9921104324612138,PD
0.14017905408302211,1,0,0.9966255877161856,PD
0.5680920312622706,1,0,0.7201480190765164,PD
0.052687582,1,0,0.8419408719596186,PD
0.4071306587349741,1,0,0.6742722900949161,PD
0.3523196302472307,1,0,0.7381135208957288,PD
0.28037276076330486,1,0,0.6997018211662382,PD
0.15941759546888523,1,0,0.8072404773021539,PD
0.15476514335487201,1,0,0.7607304197423449,PD
0.26501149257869216,1,0,0.9545415639586043,PD
0.2825703436474607,1,0,0.937753563,PD
0.12927325178326443,1,0,0.8094074215804327,PD
0.6709726970444083,1,0,0.6824955931068877,PD
0.12295452897291637,1,0,0.9452232615774179,PD
0.34899585733255867,1,0,0.6788411162360168,PD
0.24210728987679797,1,0,0.9094161676595958,PD
0.4765003628377966,1,0,0.6615926961008672,PD
0.6730382731216402,1,0,0.8815321255163492,PD
0.635835309,1,0,0.8287316282113445,PD
0.8669335368474957,1,0,0.9129290258629085,PD
0.27307625066167907,1,0,0.5423750756599179,PD
0.17327827904567106,1,0,0.9281687164627149,PD
0.5330103365839811,1,0,0.5466002008703841,PD
0.7111743800027062,1,0,0.8330939594088325,PD
0.3495581015445619,1,0,0.5358684756218192,PD
0.5234976097742818,1,0,0.819169779,PD
0.21159230168071907,1,0,0.7528723830104559,PD
0.3173480170289902,1,0,0.8111312618661703,PD
0.36288663399843557,1,0,0.8269314051031765,PD
0.17346615665149012,1,0,0.8258159355376985,PD
0.063583225,1,0,0.7593070626713084,PD
0.5984172942452046,1,0,0.7480539272634715,PD
0.33398407264216945,1,0,0.887764174,PD
0.329777665,1,0,0.8353344345001001,PD
0.5736883176462511,1,0,0.9832704322504552,PD
0.562938467,1,0,0.8309599870161032,PD
0.6909101322296451,1,0,0.8709721484809575,PD
0.3516462432793308,1,0,0.5039852653130875,PD
0.053397637,1,0,0.8150854221694492,PD
0.27832837044947856,1,0,0.9117745413006614,PD
0.47707013581299496,1,0,0.6509199911396457,PD
0.4222115122602954,1,0,0.750697158,PD
0.038550831,1,0,0.8966351816673258,PD
0.15392749974802777,1,0,0.72260124,PD
0.4465490256664193,1,0,0.9373593557617454,PD
0.2353665626127761,1,0,0.7365242376985425,PD
0.007060198,1,0,0.5731037963207497,PD
0.3246616351612346,1,0,0.5818942420857524,PD
0.4512962665579958,1,0,0.7675023167578602,PD
0.6147373421546569,1,0,0.8267881643679311,PD
0.10085921103151652,1,0,0.9131402440796125,PD
0.7143388424966508,1,0,0.9110830559506173,PD
0.10105749489333005,1,0,0.9818280013741855,PD
0.5561919039600576,1,0,0.6062016228848671,PD
0.6815139542538429,1,0,0.8497798072606787,PD
0.6528447660420487,1,0,0.7979046685212237,PD
0.4381768911424724,1,0,0.953202706,PD
0.31981323483302493,1,0,0.952645792,PD
0.31388290918816586,1,0,0.9657379845233723,PD
0.26146265157412696,1,0,0.8808595012159609,PD
0.6156432948705022,1,0,0.6490076648914753,PD
0.3267890367353321,1,0,0.9806845113977687,PD
0.20109517451311287,1,0,0.6465537643059244,PD
0.8938956501651667,1,0,0.9254842419517728,PD
0.10267866563608119,1,0,0.9790617147856769,PD
0.6028281740305041,1,0,0.6748562387210874,PD
0.3096656126761306,1,0,0.7678192361221065,PD
0.5233636364607068,1,0,0.6834606579906382,PD
0.16633538639558298,1,0,0.6450883041104856,PD
0.4741110439453502,1,0,0.9282537731402053,PD
0.7069494019174212,1,0,0.8891116272583433,PD
0.025749046714394597,1,0,0.6747735409267441,PD
0.5421934922524576,1,0,0.5644362210432299,PD
0.6468231723211677,1,0,0.8811542009199662,PD
0.012139306,1,0,0.7951683638279748,PD
0.061407872,1,0,0.5453072830714857,PD
0.38220582514210055,1,0,0.6025576262037345,PD
0.3549255529818025,1,0,0.6594849457572659,PD
0.31939964036430935,1,0,0.9029322638010983,PD
0.5215077913931385,1,0,0.8607108327345193,PD
0.5677910435547129,1,0,0.8383744840720158,PD
0.7504391826392443,1,0,0.9293286406500451,PD
0.8473508974625665,1,0,0.8859516641098453,PD
0.1157582847632197,1,0,0.5599979276389684,PD
0.076069457,1,0,0.9761449284403003,PD
0.37595310600586385,1,0,0.959996769,PD
0.21668260700611075,1,0,0.8756757048423194,PD
0.2328575657770744,1,0,0.9459243321490676,PD
0.5197478515261331,1,0,0.6863026439787818,PD
0.14740623811432174,1,0,0.9294692744700926,PD
0.4777229739627682,1,0,0.7208299747096427,PD
0.6081326749908973,1,0,0.6253338049144245,PD
0.5079264344189063,1,0,0.9808943539016028,PD
0.164487408,1,0,0.6423589417811628,PD
0.021248923,1,0,0.5096570584364007,PD
0.8832108352766292,1,0,0.9126013768293431,PD
0.025126829324969346,1,0,0.7893294116927336,PD
0.34096825004086484,1,0,0.6716596839155218,PD
0.4005271162606705,1,0,0.9088888076969139,PD
0.7923614088354092,1,0,0.9288162372626999,PD
0.2656026972379537,1,0,0.5263989201429923,PD
0.4685504707279069,1,0,0.7306971229630215,PD
0.6721906804959594,1,0,0.8151862852524633,PD
0.37657038907166385,1,0,0.7942325877644675,PD
0.5617109996379914,1,0,0.6243817178357856,PD
0.6018793454180908,1,0,0.9403990482717297,PD
0.7508808897230865,1,0,0.9993606837169532,PD
0.5120963395409566,1,0,0.7243583151563546,PD
0.39127128976894743,1,0,0.7008052205401041,PD
0.20382620044319566,1,0,0.6889826382477923,PD
0.034758476,1,0,0.7246321182347271,PD
0.7099782560425032,1,0,0.7438530951444251,PD
0.3985720559002708,1,0,0.5566062102337366,PD
0.5460732356940357,1,0,0.6087633515993701,PD
0.5673315840059201,1,0,0.7440050682429672,PD
0.42264609097161343,1,0,0.9177520949861634,PD
0.6032437366898107,1,0,0.7676229,PD
0.5391366389827836,1,0,0.5857648314530379,PD
0.5263028,1,0,0.5549335725385948,PD
0.352080598,1,0,0.5743300292122416,PD
0.2361999987325496,1,0,0.9916367775719006,PD
0.2859979781113118,1,0,0.8872381178463417,PD
0.316041399,1,0,0.9692223524208462,PD
0.2504252009591743,1,0,0.6600368456362559,PD
0.4642921037606711,1,0,0.5448906803461321,PD
0.8018152946662789,1,0,0.8082765866746286,PD
0.2528215213772933,1,0,0.7070864106022142,PD
0.7049776039773268,1,0,0.9113553416801992,PD
0.5560589830646585,1,0,0.6941900191430391,PD
0.33578419479270205,1,0,0.6275191420491978,PD
0.5576027187181853,1,0,0.6049016181631773,PD
0.6563270908166094,1,0,0.6793388190190297,PD
0.5296111925716636,1,0,0.9568554477220524,PD
0.14723389547055143,1,0,0.8564321020542727,PD
0.055662083,1,0,0.6131813467828966,PD
0.2521405191510382,1,0,0.8593929843753405,PD
0.008430923,1,0,0.7789877752325823,PD
0.798357162,1,0,0.8085753993173063,PD
0.17366490976952087,1,0,0.9299595821833606,PD
0.686337281,1,0,0.8813783288669275,PD
0.5957654231757186,1,0,0.7830037552223504,PD
0.7055887741174254,1,0,0.7221906390010753,PD
0.8693522014189679,1,0,0.9140816847798502,PD
0.3408725909726802,1,0,0.7901915208101662,PD
0.3238636232326779,1,0,0.7983576293441959,PD
0.49021634132897085,1,0,0.8284187116438777,PD
0.46715004576869745,1,0,0.9802595226584909,PD
0.13663447486156177,1,0,0.8038519534907701,PD
0.8797256599958536,1,0,0.9784523422555227,PD
0.8205668791489626,1,0,0.8577805874290669,PD
0.5360540950147044,1,0,0.7772740235409342,PD
0.1031826994588505,1,0,0.9996717354258229,PD
0.10815323111735431,1,0,0.9142713034933674,PD
0.5079702542265885,1,0,0.63936782,PD
0.2118933690432081,1,0,0.9781511720938201,PD
0.5320424315662784,1,0,0.8371030950638105,PD
0.053927527,1,0,0.9829748068601843,PD
0.9143672250059374,1,0,0.9973396303962587,PD
0.18306470591759028,1,0,0.9940353354818924,PD
0.082183246,1,0,0.8003920908447704,PD
0.052025318697850986,1,0,0.7332801856874746,PD
0.3262571478437508,1,0,0.7592056121246642,PD
0.32733996329726045,1,0,0.8784033492799131,PD
0.7724213962634381,1,0,0.8507758264271342,PD
0.34881646093706653,1,0,0.9289557741126626,PD
0.030612243,1,0,0.76302797,PD
0.6789511649061948,1,0,0.7254507158873759,PD
0.40447082103592713,1,0,0.5661308165599358,PD
0.14606134201483978,1,0,0.9253525993270139,PD
0.081543966,1,0,0.5543936784344657,PD
0.16571962225298642,1,0,0.5052910081023883,PD
0.430118824,1,0,0.8953326660419214,PD
0.24843712667983753,1,0,0.5901815129039086,PD
0.5392357471947558,1,0,0.7002275138626041,PD
0.26975112072788865,1,0,0.6928442933923392,PD
0.7236413282144805,1,0,0.8114280380640685,PD
0.066796584,1,0,0.6857440515889618,PD
0.8039905598578245,1,0,0.9146673663906688,PD
0.7003735400839204,1,0,0.9948118955095138,PD
0.8039252800169769,1,0,0.8740023864824319,PD
0.5570802758257334,1,0,0.8456569846195496,PD
0.7715620372512817,1,0,0.9005705727212205,PD
0.4609153374874677,1,0,0.7482224012112679,PD
0.16532176636636864,1,0,0.6007738615267603,PD
0.8629622426155097,1,0,0.909203332,PD
0.14261866369576603,1,0,0.7752521729920934,PD
0.027706443415401072,1,0,0.5669868512999737,PD
0.10379445036917367,1,0,0.8406539966004899,PD
0.21770870924405328,1,0,0.8622209800128195,PD
0.5522231099572976,1,0,0.8676567083655219,PD
0.5804073811418304,1,0,0.7097478159685625,PD
0.30249888552528925,1,0,0.5104561813845865,PD
0.7228264880210946,1,0,0.7596883373706068,PD
0.5994649130120893,1,0,0.6181260755739544,PD
0.021481683044914046,1,0,0.5653236552806868,PD
0.60137235,1,0,0.6396185388191168,PD
0.5240017577972129,1,0,0.9265588079545423,PD
0.1146293616137033,1,0,0.9607251905194716,PD
0.39588842388695067,1,0,0.9036299532781742,PD
0.2485273325462194,1,0,0.8022684526588509,PD
0.10953487068967083,1,0,0.6695118458017922,PD
0.578860604,1,0,0.9185474709320128,PD
0.4519284146485576,1,0,0.5164768259008341,PD
0.033220929,1,0,0.5684102138363538,PD
0.4217918953803921,1,0,0.7940421979831253,PD
0.31336265617909853,1,0,0.99846079,PD
0.20103296651643543,1,0,0.5096043208767663,PD
0.3284425338853596,1,0,0.9998154027417191,PD
0.3655833721111277,1,0,0.6716087395424747,PD
0.45661511014812195,1,0,0.9721875604153503,PD
0.081899486,1,0,0.8922162927176461,PD
0.47675441406933694,1,0,0.5383286053488379,PD
0.1668048780963085,1,0,0.5337809891549786,PD
0.3257812576466377,1,0,0.9148143122819707,PD
0.15300257528457673,1,0,0.9119271532343592,PD
0.6252907777469094,1,0,0.7987732317560434,PD
0.6748506421333846,1,0,0.7023352482841633,PD
0.3876959262986044,1,0,0.8755114498893188,PD
0.45464692433808196,1,0,0.8362119333941019,PD
0.10975019045841927,1,0,0.8278689788408132,PD
0.2778939461992178,1,0,0.5607241034928507,PD
0.7995312000752395,1,0,0.8343665560843462,PD
0.26672558961889625,1,0,0.8490961784416209,PD
0.5620214224852074,1,0,0.8550547096213392,PD
0.44211727134854684,1,0,0.9290505871815701,PD
0.3332860036892116,1,0,0.972517381,PD
0.045749525866396024,1,0,0.5496715609311914,PD
0.094079722,1,0,0.9244392863019616,PD
0.11341302346708604,1,0,0.5266115067402379,PD
0.283681577,1,0,0.9011854045689739,PD
0.45463301748725926,1,0,0.8101149401900706,PD
0.691123489,1,0,0.9459668400891401,PD
0.17794184605504193,1,0,0.9464031789595072,PD
0.2789293126776804,1,0,0.8562074214847565,PD
0.5861727711332356,1,0,0.8704716927137771,PD
0.29034510502033295,1,0,0.7112798225092137,PD
0.22015916418018788,1,0,0.6849298926453518,PD
0.32493198778297727,1,0,0.6607909470331876,PD
0.4317484713241053,1,0,0.5386033388215509,PD
0.2130046253114759,1,0,0.9367627408242588,PD
0.4729053907539482,1,0,0.9111996639399332,PD
0.37208809608555304,1,0,0.8472752628345879,PD
0.037257527010309044,1,0,0.536879375,PD
0.3197040822022459,1,0,0.9515748898670934,PD
0.20810863448274652,1,0,0.9283227736251678,PD
0.5563087774673303,1,0,0.6354625155374954,PD
0.7422014517376239,1,0,0.9576880603473525,PD
0.27654985901485607,1,0,0.8387456347103955,PD
0.28524540653406016,1,0,0.7061451793139557,PD
0.33738993814331875,1,0,0.6532968460507762,PD
0.6806422741881677,1,0,0.7519948229619677,PD
0.14719024492448063,1,0,0.6082843596441212,PD
0.5005045945534303,1,0,0.937131132,PD
0.10694461188489801,1,0,0.9679112866162757,PD
0.038059266601399244,1,0,0.6392995652260467,PD
0.23471444354008053,1,0,0.7565236706574018,PD
0.39147540712394413,1,0,0.7271856335764072,PD
0.34293450448539997,1,0,0.8309753573228185,PD
0.1493317922285171,1,0,0.9931643847642417,PD
0.5884441021525992,1,0,0.6040286379943376,PD
0.13043967805817358,1,0,0.9444388568354758,PD
0.24991062830334942,1,0,0.6232056243192918,PD
0.25559758734436366,1,0,0.6315396769579873,PD
0.36496520032554725,1,0,0.732823453,PD
0.40060643997125944,1,0,0.5643650312787295,PD
0.4938374110073165,1,0,0.8570941015241627,PD
0.5625942349535187,1,0,0.6781175714882693,PD
0.4418784225507997,1,0,0.8455727075718291,PD
0.076312671,1,0,0.7089445570576598,PD
0.13783169480637958,1,0,0.9379098874791156,PD
0.615068197,1,0,0.8326687486337225,PD
0.8015250992508736,1,0,0.8631227590660313,PD
0.4373642666911228,1,0,0.7617279206923909,PD
0.492503944,1,0,0.8831029817547043,PD
0.5250133397636938,1,0,0.8170211733023565,PD
0.3388000053950173,1,0,0.8627043631025013,PD
0.3062986314333527,1,0,0.6868873996582312,PD
0.4813314750419102,1,0,0.8244481018681001,PD
0.43800869905756046,1,0,0.6120340375553659,PD
0.2209007583901328,1,0,0.9213487179011137,PD
0.49343259178075183,1,0,0.8511707430192066,PD
0.48158504220750253,1,0,0.5224263110827561,PD
0.6217795540695288,1,0,0.9662872152392824,PD
0.5362712822855142,1,0,0.6870211760040011,PD
0.391891018,1,0,0.8132054551062726,PD
0.5790042346592659,1,0,0.808193831,PD
0.003111078,1,0,0.5887687067668593,PD
0.8231180699386793,1,0,0.9568122052578747,PD
0.036762163,1,0,0.6926636614632021,PD
0.7597000125319826,1,0,0.9533820960156545,PD
0.721994794,1,0,0.8701289842670897,PD
0.39519994826959604,1,0,0.6332048347059072,PD
0.24015372730618778,1,0,0.5202184384083341,PD
0.019572380029218683,1,0,0.7703610295390062,PD
0.17284561455096936,1,0,0.7779356245643482,PD
0.030347461593729586,1,0,0.7999300494202671,PD
0.11545646866354398,1,0,0.5275556665889901,PD
0.2935593735246509,1,0,0.9308416054972785,PD
0.005176804,1,0,0.9344617141049346,PD
0.5122724037683872,1,0,0.6569842470081984,PD
0.7735715779239953,1,0,0.8210671081198169,PD
0.8156847959218179,1,0,0.9393424779144591,PD
0.1681213956230383,1,0,0.9693247994544566,PD
0.5212920226957665,1,0,0.6360761174902264,PD
0.12405858881075527,1,0,0.6757977100918677,PD
0.28235342505194017,1,0,0.9866320467712927,PD
0.15656041028331402,1,0,0.7266241109329572,PD
0.5548375632639122,1,0,0.8076775479130617,PD
0.5526584195693816,1,0,0.6372124978184394,PD
0.061310942849104766,1,0,0.5750917266573566,PD
0.20807821069521948,1,0,0.646258089,PD
0.674912004,1,0,0.777660523,PD
0.3944679496600272,1,0,0.8714045822151434,PD
0.7463797142785529,1,0,0.7759514541770939,PD
0.2818789142628366,1,0,0.9696132791589408,PD
0.6983639049483097,1,0,0.9515553688148861,PD
0.13824329548845116,1,0,0.6092664048618709,PD
0.5278700484420566,1,0,0.7434582961856233,PD
0.7231415519074285,1,0,0.9227094490319904,PD
0.5852506192327784,1,0,0.8778904331598895,PD
0.21376241937659457,1,0,0.8125353250568261,PD
0.024906093,1,0,0.6495274633085407,PD
0.40264539876095307,1,0,0.7061812829553341,PD
0.32326592643640817,1,0,0.6800060785170194,PD
0.1360386635507831,1,0,0.792074643,PD
0.30992137702545075,1,0,0.7063079230333027,PD
0.3642303637619295,1,0,0.6062575184667477,PD
0.087906698,1,0,0.9255049019923071,PD
0.3783537131289294,1,0,0.6042695440111419,PD
0.042470246998824734,1,0,0.9739741624955291,PD
0.7186352795160329,1,0,0.8558299648555213,PD
0.4541276662262528,1,0,0.5844807882165065,PD
0.040159828,1,0,0.7906049771358862,PD
0.39711263372854466,1,0,0.5647215630430967,PD
0.48565853976465667,1,0,0.8888383465400427,PD
0.5409568271255429,1,0,0.9622735605656008,PD
0.4605294256706083,1,0,0.9927385915062493,PD
0.5778271510493753,1,0,0.8355000554242844,PD
0.1573354497611783,1,0,0.5324764392737983,PD
0.46067404192577377,1,0,0.8220726706952399,PD
0.11593930935299901,1,0,0.5075599426359352,PD
0.3538567093562839,1,0,0.8738503050395869,PD
0.013617708059427747,1,0,0.5249640774837133,PD
0.05034149,1,0,0.9014978614731185,PD
0.7327912230466682,1,0,0.886473795,PD
0.891886666,1,0,0.9853346276407048,PD
0.21941993752958155,1,0,0.8422000617545251,PD
0.7855548906966361,1,0,0.8103985348455072,PD
0.078581178,1,0,0.820980814,PD
0.6723581048128469,1,0,0.7023993568974487,PD
0.16637535918857727,1,0,0.7696012757491182,PD
0.12369821542116055,1,0,0.8402061158217132,PD
0.1422471663725613,1,0,0.9000232614735497,PD
0.36270936857262637,1,0,0.872161131,PD
0.38368300133849464,1,0,0.7086475122320564,PD
0.47061347796832087,1,0,0.6278694714116584,PD
0.38370568855933374,1,0,0.8204577674087791,PD
0.1875419500281834,1,0,0.5359014886460842,PD
0.7004890079158184,1,0,0.8009398991410707,PD
0.6522433571982582,1,0,0.8341147522190707,PD
0.19105478265297982,1,0,0.9282614094238744,PD
0.38179504756460614,1,0,0.6686352498811823,PD
0.6271013710641804,1,0,0.8997871739013511,PD
0.2358261229788623,1,0,0.5829798375254623,PD
0.23812568113969568,1,0,0.9910009347292295,PD
0.7964477604655913,1,0,0.866955222,PD
0.2903065184528688,1,0,0.9151553564509133,PD
0.56709051,1,0,0.8120544478877079,PD
0.4347568468628542,1,0,0.5418129757245599,PD
0.5795426558284322,1,0,0.8006093061176401,PD
0.073400579,1,0,0.8867231546574357,PD
0.064565039,1,0,0.8353034927252341,PD
0.5203594589991904,1,0,0.8013041324248411,PD
0.1660829417609475,1,0,0.6676142692251338,PD
0.5994640753094851,1,0,0.8735490473816206,PD
0.3041863371560971,1,0,0.7274057174480354,PD
0.5383209937623774,1,0,0.8854556996662979,PD
0.11825890753902057,1,0,0.7578198252979332,PD
0.14079645792727624,1,0,0.6096489269285105,PD
0.084193133,1,0,0.6126693829191902,PD
0.8815697857831912,1,0,0.9353463889311161,PD
0.3524188530684056,1,0,0.6205235102348425,PD
0.6296231863276751,1,0,0.7357183992682328,PD
0.4479364650071189,1,0,0.6348638389425151,PD
0.6013134182002944,1,0,0.8269245484282194,PD
0.7479643555334998,1,0,0.9536841792190743,PD
0.652959916,1,0,0.9055905791872978,PD
0.056485734,1,0,0.9220928945770904,PD
0.5385994868334409,1,0,0.5674360188226076,PD
0.4884503694407252,1,0,0.665108804,PD
0.29998869348391977,1,0,0.8059774323824516,PD
0.5844343051845466,1,0,0.6184288530890679,PD
0.8199602230738348,1,0,0.9909209104139169,PD
0.13676609405995777,1,0,0.827813257,PD
0.5914501894101554,1,0,0.9583753150159763,PD
0.131203602,1,0,0.5754640152545599,PD
0.2796801336934398,1,0,0.5239306225712937,PD
0.21488936286929983,1,0,0.916016046,PD
0.8213796635191679,1,0,0.8354990219387574,PD
0.10022553481604324,1,0,0.5132443808097916,PD
0.4167040060713034,1,0,0.9179756713576868,PD
0.041275414,1,0,0.91529573,PD
0.2723458328899018,1,0,0.727052405,PD
0.7254224315516091,1,0,0.8804715460897069,PD
0.1479818252080738,1,0,0.9649645901428708,PD
0.2145010620934089,1,0,0.9993171694719275,PD
0.15586068992740842,1,0,0.7981519109630336,PD
0.3806227120460748,1,0,0.6229609622913224,PD
0.044670677,1,0,0.9163870123095146,PD
0.8278644839564178,1,0,0.8999658517464209,PD
0.15942946976198247,1,0,0.5638735307350462,PD
0.28476693383765683,1,0,0.833103274,PD
0.46810632298405874,1,0,0.7227293012960614,PD
0.6470141685912079,1,0,0.8997109875942955,PD
0.21120470385943668,1,0,0.5117473407946743,PD
0.9561317235446913,1,0,0.9892191986353723,PD
0.2798466277629823,1,0,0.8181583826787455,PD
0.38417763,1,0,0.9217285156705153,PD
0.930160355,1,0,0.9746012754825915,PD
0.39107667121729306,1,0,0.5922745246555076,PD
0.5366978094644685,1,0,0.913906203,PD
0.5568971119594917,1,0,0.8913344920546913,PD
0.14257610790630215,1,0,0.8745322783493387,PD
0.6114358164459033,1,0,0.870938652,PD
0.565337817,1,0,0.8886756943403766,PD
0.7209903070025785,1,0,0.9797487899261663,PD
0.5958055360882797,1,0,0.6581331014246443,PD
0.7649009828318245,1,0,0.9691407690364613,PD
0.012642999616742534,1,0,0.5539978959313167,PD
0.7300815892070578,1,0,0.8555289835938417,PD
0.38775432036699287,1,0,0.6462481265321203,PD
0.5498504727700835,1,0,0.9743913485138871,PD
0.6644500008757699,1,0,0.9267398120077495,PD
0.053057213,1,0,0.7291825489590056,PD
0.8793455720627443,1,0,0.9516331923852674,PD
0.7555084599312885,1,0,0.8850550593130888,PD
0.2964130235502438,1,0,0.7453540326504301,PD
0.389525677,1,0,0.9250561184427504,PD
0.062306168851808286,1,0,0.7737296284544607,PD
0.6510600632240517,1,0,0.895271301,PD
0.5376979832655253,1,0,0.8935766022431993,PD
0.7337614061451783,1,0,0.928930884,PD
0.19564961377509982,1,0,0.7389771876293693,PD
0.7203378848876272,1,0,0.9498400650076051,PD
0.47117433514940266,1,0,0.841700678,PD
0.5496922418561903,1,0,0.788635739,PD
0.067969732,1,0,0.7377837125757121,PD
0.8525614458172637,1,0,0.971929197,PD
0.24424105178777045,1,0,0.5826249816045648,PD
0.5070306324369194,1,0,0.8535512460955623,PD
0.068240551,1,0,0.9992187103831207,PD
0.5521029963822182,1,0,0.9410843295477683,PD
0.12401740750943446,1,0,0.6974602853435438,PD
0.5398734562137479,1,0,0.699499262,PD
0.4085838117599456,1,0,0.7254563684706898,PD
0.33378007103529006,1,0,0.6302277791350996,PD
0.6345439431630171,1,0,0.6813228232931641,PD
0.7396716454240593,1,0,0.8900654472018247,PD
0.8251633695085168,1,0,0.908195655,PD
0.8854198658112309,1,0,0.949582912,PD
0.24158269363384033,1,0,0.6500180893592808,PD
0.4709244690998404,1,0,0.6773956414151621,PD
0.1155318638379057,1,0,0.609567187,PD
0.6127376212511824,1,0,0.671659461,PD
0.7563236306124124,1,0,0.9743925572680102,PD
0.45077809280377346,1,0,0.9080164052181023,PD
0.19579195291915052,1,0,0.6686128829081015,PD
0.18919746207788513,1,0,0.5132564828412475,PD
0.5789901503782362,1,0,0.831167128,PD
0.14589487680452584,1,0,0.5013261902116567,PD
0.29013873185655914,1,0,0.980481999,PD
0.093501408,1,0,0.6084948098760271,PD
0.4268757578252629,1,0,0.8876115497504143,PD
0.699100951,1,0,0.8320278889444264,PD
0.028285063734155624,1,0,0.630853842,PD
0.5755873326814569,1,0,0.7376154234713057,PD
0.2620629881812564,1,0,0.5014198058868273,PD
0.003641137,1,0,0.5546266285385067,PD
0.4408307291698428,1,0,0.9259723868538468,PD
0.4966698162675558,1,0,0.5887556723473557,PD
0.2931175798391734,1,0,0.965238796,PD
0.6964582749834354,1,0,0.9003191697267839,PD
0.5638252883654182,1,0,0.6365852060751646,PD
0.1831173153241874,1,0,0.9769465036911558,PD
0.1094234404090817,1,0,0.706405101,PD
0.7394554435102487,1,0,0.8056982144551732,PD
0.41497823221698393,1,0,0.7212643261078937,PD
0.7952736415001709,1,0,0.9184391327215249,PD
0.7606894581105312,1,0,0.7739366876758972,PD
0.29304298370718507,1,0,0.5872413658957057,PD
0.5507276622890569,1,0,0.9836083888390353,PD
0.006160621,1,0,0.6406981139135536,PD
0.4354017817794542,1,0,0.8465658910036667,PD
0.1208943403053433,1,0,0.8226424606718672,PD
0.629566918,1,0,0.9281087775398639,PD
0.30566523477863417,1,0,0.7678879921940696,PD
0.4377360335852809,1,0,0.5802082609717144,PD
0.28373028795648203,1,0,0.5714636774024292,PD
0.6586749512682395,1,0,0.6913695166883961,PD
0.22196643597331112,1,0,0.9168864679570198,PD
0.18769886627015064,1,0,0.9663488614516451,PD
0.5481433239108902,1,0,0.7987828131082498,PD
0.6669264145768081,1,0,0.7615619699477398,PD
0.46311683751495636,1,0,0.7731695016819152,PD
0.1457233224264658,1,0,0.8258321525048775,PD
0.5867740318927162,1,0,0.8416823202904575,PD
0.7286088864921971,1,0,0.964543679,PD
0.3672657232868679,1,0,0.6842942449395851,PD
0.4390732011614711,1,0,0.7489962113029509,PD
0.1602970033703368,1,0,0.5711275894971386,PD
0.6827272603787642,1,0,0.8094137985690344,PD
0.2994995460790417,1,0,0.5712423258995448,PD
0.292908278,1,0,0.6162678780365651,PD
0.533727604,1,0,0.7997800310334221,PD
0.8494951170498668,1,0,0.963190504,PD
0.099725051,1,0,0.8416774564854199,PD
0.23614343525471382,1,0,0.6587982686391365,PD
0.4161285002884658,1,0,0.9222587527707182,PD
0.32089833408898527,1,0,0.802916991,PD
0.26868894158140244,1,0,0.7711808245251984,PD
0.4996762280469105,1,0,0.8134046937573326,PD
0.4922352737667628,1,0,0.9738815624019339,PD
0.020020874369817587,1,0,0.9985149417187986,PD
0.31249321745115943,1,0,0.6049500398433331,PD
0.085389037,1,0,0.5715752427119297,PD
0.7061331818094441,1,0,0.7243278496313048,PD
0.6098882272419732,1,0,0.9692925887056373,PD
0.2507883786707177,1,0,0.8155454286644048,PD
0.24329676191198768,1,0,0.7854454540004825,PD
0.49468590174692384,1,0,0.6834772751211655,PD
0.5356773558548773,1,0,0.9793707561005153,PD
0.8823025851339859,1,0,0.9754324150076176,PD
0.4204558601689756,1,0,0.9210427274504879,PD
0.2307279343248425,1,0,0.6691447088387248,PD
0.34270662175486133,1,0,0.8689970343344204,PD
0.2704492769205682,1,0,0.6121160131286457,PD
0.23174377559777382,1,0,0.9676440583832638,PD
0.5236742613926135,1,0,0.7507498992419646,PD
0.25350471311128975,1,0,0.9611439014135088,PD
0.1015796877039199,1,0,0.6924108926767802,PD
0.014041657629870974,1,0,0.5525568006833201,PD
0.004566411,1,0,0.8160723197027672,PD
0.007853754,1,0,0.5473890486976603,PD
0.29871001965473765,1,0,0.9289822857074154,PD
0.046030357,1,0,0.6043593291438496,PD
0.8310176282245614,1,0,0.9048554238973614,PD
0.5189157397705249,1,0,0.8267689423769092,PD
0.1354228639401518,1,0,0.5991809988767897,PD
0.017630027,1,0,0.6756981079488723,PD
0.4415469967425598,1,0,0.8367808377884899,PD
0.5718170863606566,1,0,0.9419573631310529,PD
0.42241614078571765,1,0,0.7490081471604136,PD
0.093105854,1,0,0.6271627628158628,PD
0.3238904800925331,1,0,0.748249393,PD
0.2921351272938937,1,0,0.9035909631831093,PD
0.16968937567418085,1,0,0.5688829267435083,PD
0.002378695,1,0,0.9263336124360535,PD
0.076159995,1,0,0.6894600949730567,PD
0.2559416502182239,1,0,0.5687662601750917,PD
0.5992421974807574,1,0,0.6150300502367896,PD
0.4850527028637339,1,0,0.5654421593973143,PD
0.5503398420979253,1,0,0.9619594967051698,PD
0.24473084332957828,1,0,0.5202551464737935,PD
0.48756058,1,0,0.7320981581968429,PD
0.6016088534889381,1,0,0.9044632712515069,PD
0.6828994306402174,1,0,0.8474104716184044,PD
0.32688851460082224,1,0,0.5543624004698384,PD
0.049292601,1,0,0.6462035383224899,PD
0.068865632,1,0,0.7606721404496201,PD
0.027619523927692624,1,0,0.7232324053285516,PD
0.6879399806434108,1,0,0.959408138,PD
0.16810404230791143,1,0,0.6767275909606085,PD
0.180105422,1,0,0.7101832095950545,PD
0.22181173003145283,1,0,0.927265837,PD
0.5552853206301493,1,0,0.6342433761544916,PD
0.6890553307185328,1,0,0.9442188931098573,PD
0.2152720854831527,1,0,0.6972745078812591,PD
0.6065406730870768,1,0,0.7749921074374836,PD
0.28504553382102915,1,0,0.9457521477069589,PD
0.5887895014289322,1,0,0.8293179766873212,PD
0.26996116734318143,1,0,0.6622056480589567,PD
0.17512436156101252,1,0,0.9230435925521769,PD
0.5064596934623624,1,0,0.9321989731848707,PD
0.5227036197440429,1,0,0.8013109987909706,PD
0.30478786994412754,1,0,0.7186534519365078,PD
0.410108304,1,0,0.5478923810556442,PD
0.8117036016066088,1,0,0.9877542156699882,PD
0.1270959247749348,1,0,0.5911488072687905,PD
0.5436343589064285,1,0,0.5488584736465071,PD
0.25211789532485707,1,0,0.565952322,PD
0.5178799748308462,1,0,0.9554488776552222,PD
0.4377047967165284,1,0,0.5389281785943297,PD
0.7500175468274495,1,0,0.9644252937815629,PD
0.4136998962754359,1,0,0.9920022581737209,PD
0.7262712887463301,1,0,0.7683757325487405,PD
0.12742653085516942,1,0,0.8345889394466518,PD
0.48641674512288313,1,0,0.8447418854827837,PD
0.45714174900415583,1,0,0.6301738947027968,PD
0.6836940301938952,1,0,0.8829235548655106,PD
0.33659653776360465,1,0,0.7771514254941352,PD
0.34407981715535096,1,0,0.8984041965521504,PD
0.4654044012584613,1,0,0.9640712846685092,PD
0.4334956723812162,1,0,0.9919120365846763,PD
0.3294512665992442,1,0,0.7999595848092238,PD
0.7352315735607655,1,0,0.7556134869887201,PD
0.7286774509051173,1,0,0.7859397307823178,PD
0.9201281374427976,1,0,0.968077455,PD
0.5361768464426191,1,0,0.8808580067019984,PD
0.17719512985849883,1,0,0.5042082619453421,PD
0.753496437,1,0,0.9547614156870914,PD
0.061069627385063496,1,0,0.8475150444386382,PD
0.13207199195313124,1,0,0.5504298962255418,PD
0.6621193512118297,1,0,0.9818628680338115,PD
0.37737556750550016,1,0,0.5846640418330004,PD
0.47312912424109976,1,0,0.8943230160828016,PD
0.3843240379772943,1,0,0.9456515059781939,PD
0.092532705,1,0,0.5177637185047793,PD
0.9074478481966952,1,0,0.9370050102408535,PD
0.10384119397497615,1,0,0.8511192756151407,PD
0.6706389992076245,1,0,0.749996802,PD
0.7353084628553144,1,0,0.9104208794419184,PD
0.16864563180615755,1,0,0.828147878,PD
0.4643290419627637,1,0,0.6577363182080437,PD
0.5220599276311502,1,0,0.7950554553757939,PD
0.6623705920207539,1,0,0.7088895518582917,PD
0.6437995780353765,1,0,0.9867070305881561,PD
0.40751162215989534,1,0,0.9026084852579068,PD
0.7324635430416255,1,0,0.8922732975750128,PD
0.4458043351913539,1,0,0.6317896764116918,PD
0.39907422881343346,1,0,0.6436853206419763,PD
0.2942822207013822,1,0,0.9859661477976538,PD
0.3055610323847511,1,0,0.8927670424321525,PD
0.5723752561047726,1,0,0.7218988307663268,PD
0.18674455110194632,1,0,0.5664756935908585,PD
0.13799090195625552,1,0,0.5770797144872931,PD
0.44386630226230706,1,0,0.5298062460438955,PD
0.327329128,1,0,0.9947112083643793,PD
0.3168913988838389,1,0,0.6863735294646102,PD
0.9317862921995324,1,0,0.9361199897044875,PD
0.2872454248064378,1,0,0.8924048157631089,PD
0.11555515112912973,1,0,0.6554065318362127,PD
0.6932722486641776,1,0,0.9885187386343948,PD
0.5189058739759689,1,0,0.955719521,PD
0.20372054110866045,1,0,0.9102159450350105,PD
0.010332090598021315,1,0,0.6604976272438008,PD
0.3318007489399353,1,0,0.9093295690977236,PD
0.069723715,1,0,0.7339256029347492,PD
0.12440599187775847,1,0,0.9772491496923374,PD
0.10688998248028492,1,0,0.7563446472930959,PD
0.7662297149789967,1,0,0.977271906,PD
0.7843951012058559,1,0,0.9151251315702109,PD
0.023001039,1,0,0.7305537584697122,PD
0.7922486228741028,1,0,0.9438711536248462,PD
0.6311225316511082,1,0,0.9345334639995595,PD
0.15240645890576343,1,0,0.8063480764801013,PD
0.5358074194578952,1,0,0.9324620761261843,PD
0.21604549353439828,1,0,0.7062143931583555,PD
0.5228107548161847,1,0,0.5866747830078346,PD
0.061675367,1,0,0.5367765534552054,PD
0.861024888,1,0,0.8946741410991759,PD
0.49183340055224356,1,0,0.5533953449788912,PD
0.025958139168354544,1,0,0.5878623956819512,PD
0.11561915681004331,1,0,0.6578112270755611,PD
0.23154246948724366,1,0,0.640371127,PD
0.4945984996917072,1,0,0.6261346961086686,PD
0.20205950474945267,1,0,0.7547206287828285,PD
0.6170435781596553,1,0,0.6833530739615487,PD
0.6796103510895304,1,0,0.7171167771710648,PD
0.2448144538549053,1,0,0.596193544,PD
0.7619608132651072,1,0,0.8852401085695069,PD
0.6030875527973967,1,0,0.6384084224191986,PD
0.2161846705664343,1,0,0.6286328816809271,PD
0.3308322778641992,1,0,0.8100369935181415,PD
0.083762322,1,0,0.7311404777428973,PD
0.8604095256794153,1,0,0.978301114,PD
0.4920577271677504,1,0,0.7107548378874565,PD
0.10179746670470968,1,0,0.7872137494804199,PD
0.1502427406840685,1,0,0.7242065437440088,PD
0.076957831,1,0,0.7040991806829898,PD
0.4428678560573218,1,0,0.6836327872839985,PD
0.6232313425913625,1,0,0.8881822242031443,PD
0.5934839096054438,1,0,0.6997783950493466,PD
0.3192831361584365,1,0,0.7000872507873124,PD
0.3021288463066829,1,0,0.5611480357692354,PD
0.048432562677598545,1,0,0.9266240892955573,PD
0.4885526595215399,1,0,0.7637470019869841,PD
0.18068773254515502,1,0,0.767178837,PD
0.7024597359603655,1,0,0.986419485,PD
0.11627271402769979,1,0,0.6726712539216865,PD
0.15040277074766073,1,0,0.9143189726186992,PD
0.2898763326097529,1,0,0.9118631135893408,PD
0.42064960897923553,1,0,0.6357021604592729,PD
0.2863221130854934,1,0,0.7647680011974529,PD
0.3373321616417797,1,0,0.803856955,PD
0.6158273023927265,1,0,0.9089507526309869,PD
0.47164971115866305,1,0,0.9679539600860442,PD
0.501129324,1,0,0.6639142388060715,PD
0.4347831562061386,1,0,0.7804500038789607,PD
0.44553297226142763,1,0,0.65198432,PD
0.1490965750161044,1,0,0.7973161513708656,PD
0.1023057718125544,1,0,0.6839928156771825,PD
0.23394345658343219,1,0,0.6779011582571522,PD
0.654774219,1,0,0.9388458181237885,PD
0.46479519367457334,1,0,0.9374304481882426,PD
0.6353602634263515,1,0,0.8225849248809988,PD
0.17474781421789287,1,0,0.9709426775773082,PD
0.19404941306646495,1,0,0.652954069,PD
0.06937393,1,0,0.9393148238567581,PD
0.4725056149141671,1,0,0.6996982479074125,PD
0.19871762831743411,1,0,0.9735891595722866,PD
0.33944748363315225,1,0,0.6710148115657534,PD
0.9326580120402874,1,0,0.966211464,PD
0.6478719929946035,1,0,0.8531999559077581,PD
0.7600108147125604,1,0,0.823804704,PD
0.39835142660898115,1,0,0.8304393161844041,PD
0.5315481408056952,1,0,0.684290658,PD
0.057352524,1,0,0.9896590928150678,PD
0.073401628,1,0,0.5846980800664646,PD
0.4687851505821192,1,0,0.6280043356562908,PD
0.22145496443365764,1,0,0.9483981518389295,PD
0.5240414082724238,1,0,0.7334433370413095,PD
0.30830461700662926,1,0,0.5863911599698188,PD
0.6289428130170496,1,0,0.7565036054568784,PD
0.19167507434742292,1,0,0.8145077207157627,PD
0.23560884522718606,1,0,0.5725819540086857,PD
0.11895951592744836,1,0,0.5317765832173272,PD
0.49531814651047457,1,0,0.5316669472757155,PD
0.20815705660588368,1,0,0.9955903237161979,PD
0.8313481794739561,1,0,0.9208206699237967,PD
0.5840875746582839,1,0,0.7000048145568953,PD
0.5438378423373349,1,0,0.9238772836444451,PD
0.036151560370408786,1,0,0.5127619090195832,PD
0.097663391,1,0,0.7270703110194305,PD
0.21356382095623028,1,0,0.8070837049078327,PD
0.720835823,1,0,0.9087513041585231,PD
0.5017727492843791,1,0,0.7817167846045912,PD
0.5988130648872332,1,0,0.8827530496422199,PD
0.7034647523518154,1,0,0.9452213812955453,PD
0.5129930046204585,1,0,0.8792798502626985,PD
0.30324463824367065,1,0,0.6463132417783866,PD
0.5056189078866808,1,0,0.9845883606494894,PD
0.1738380669343773,1,0,0.6010030956476737,PD
0.4622915967931982,1,0,0.7386319850831925,PD
0.18934271821604076,1,0,0.7392117897560458,PD
0.39464324752512314,1,0,0.5687510531478193,PD
0.6448408498559748,1,0,0.714522752,PD
0.6155252892845424,1,0,0.9812355128041097,PD
0.11228420008971685,1,0,0.8133700444451173,PD
0.5814912616979961,1,0,0.6509381880767198,PD
0.6033152559768247,1,0,0.9016602405798968,PD
0.2738293557471778,1,0,0.8935482107626359,PD
0.40952788281906405,1,0,0.9088687086877336,PD
0.043656899,1,0,0.6002647764998816,PD
0.8419519333239591,1,0,0.846229128,PD
0.22799029061664777,1,0,0.9799774637576607,PD
0.3508482174390759,1,0,0.9702030485011758,PD
0.24677171535217712,1,0,0.6269684899089613,PD
0.1807557382412388,1,0,0.5912006609851137,PD
0.07445153,1,0,0.8738908751602483,PD
0.591916533,1,0,0.8512843824297363,PD
0.37830814215112496,1,0,0.8238182037745295,PD
0.43116494894136115,1,0,0.8458117785855319,PD
0.1738764466843563,1,0,0.5001982406635843,PD
0.5786575014237332,1,0,0.8382267368991283,PD
0.6393224019867734,1,0,0.7418537527309216,PD
0.3151133868675471,1,0,0.783321333,PD
0.6794773465655926,1,0,0.938610034,PD
0.332663451,1,0,0.7113118714086618,PD
0.47057897730577514,1,0,0.753827349,PD
0.8032075440856927,1,0,0.876366492,PD
0.11288184550365421,1,0,0.7541575641083176,PD
0.29994797261857253,1,0,0.885004865,PD
0.3181416570182469,1,0,0.9994608969443297,PD
0.20276830900286757,1,0,0.6320171425352294,PD
0.064257015,1,0,0.9426570662420138,PD
0.2215969574736092,1,0,0.9820703893705442,PD
0.9157370689473592,1,0,0.9262768967761192,PD
0.24108803239150411,1,0,0.5307666701867929,PD
0.7936057309277191,1,0,0.9291161799276701,PD
0.094599299,1,0,0.9548176110620232,PD
0.3373689259379018,1,0,0.7624022391335281,PD
0.044738563719546764,1,0,0.6481739474430982,PD
0.36482704267775934,1,0,0.8432288275731957,PD
0.7805528628308103,1,0,0.8998755144278059,PD
0.10538008261788123,1,0,0.8799372353950693,PD
0.077938779,1,0,0.8010199209806069,PD
0.5084305059340006,1,0,0.6907566072551891,PD
0.036535554,1,0,0.8145179867588189,PD
0.5256032158257895,1,0,0.7607913233354441,PD
0.4361626999411712,1,0,0.6003613477739236,PD
0.7408752573722168,1,0,0.8532057883883463,PD
0.3398347258051744,1,0,0.5440947149134853,PD
0.7615733831391438,1,0,0.8363535412620144,PD
0.6752844991813116,1,0,0.7426979115908453,PD
0.28264837565090795,1,0,0.5712797840822222,PD
0.26360480484306326,1,0,0.8589181285026183,PD
0.6043141378948322,1,0,0.6054387415333735,PD
0.1553390275666393,1,0,0.7973846017815301,PD
0.6381963317850814,1,0,0.6912749535918252,PD
0.7042423268088129,1,0,0.7283751722117645,PD
0.7114404667065055,1,0,0.7639450191513185,PD
0.17134201309304165,1,0,0.524152091,PD
0.3452202318660067,1,0,0.5173313104044794,PD
0.6452944636676692,1,0,0.7599142612406241,PD
0.12616329057999032,1,0,0.5338863509929586,PD
0.7998587353882136,1,0,0.8507010743548936,PD
0.3324939502506965,1,0,0.7791425793972796,PD
0.617079887,1,0,0.8778266975903349,PD
0.34269490546247505,1,0,0.8437572043653229,PD
0.11619397269825282,1,0,0.9004503046036062,PD
0.18004068008949559,1,0,0.9282410179439481,PD
0.088399208,1,0,0.9632399474338482,PD
0.5469105948837572,1,0,0.726351113,PD
0.40351759740705595,1,0,0.6950461488127225,PD
0.36784895756589675,1,0,0.56837292,PD
0.11542603850203537,1,0,0.5772934031802813,PD
0.24789244428116164,1,0,0.6059845626821363,PD
0.23965165353943996,1,0,0.8795313190203775,PD
0.7637419340912446,1,0,0.8748377862558041,PD
0.3740175374784036,1,0,0.7003849920177715,PD
0.5417061821817217,1,0,0.8812289733419332,PD
0.18701478451436415,1,0,0.7931944872373513,PD
0.30309305525160357,1,0,0.8111712768244069,PD
0.6401136662179467,1,0,0.8932815806438067,PD
0.12872506423775976,1,0,0.9087890305760846,PD
0.316050792,1,0,0.6250578965835782,PD
0.066164115,1,0,0.8622648630136752,PD
0.4586544742034726,1,0,0.8349704526454457,PD
0.8384961048782218,1,0,0.9695927830285893,PD
0.058655435,1,0,0.7424615649583058,PD
0.1522941001432352,1,0,0.9892202389742194,PD
0.47118452864619953,1,0,0.5993444670649092,PD
0.30037375299569957,1,0,0.5386089283374697,PD
0.12424051599455388,1,0,0.9678874961700682,PD
0.7986427060784547,1,0,0.9882389955095553,PD
0.3536064284410163,1,0,0.6684671083137472,PD
0.7987015243880358,1,0,0.9695269788012951,PD
0.6851014167696936,1,0,0.9642729912376868,PD
0.5489759792906215,1,0,0.9465048180810747,PD
0.5013895793801622,1,0,0.808933947,PD
0.2336228290211686,1,0,0.5433718594557094,PD
0.13758377848559822,1,0,0.781946619,PD
0.21437265077500478,1,0,0.5807317913651485,PD
0.1530605620529546,1,0,0.7576048152325842,PD
0.13714582780405737,1,0,0.5461336433839127,PD
0.4423451521147037,1,0,0.8517852367431173,PD
0.917407372,1,0,0.9896567266514483,PD
0.050683134094934745,1,0,0.8705656119310645,PD
0.051697955116020156,1,0,0.8226164647339149,PD
0.2591927609962259,1,0,0.746382038,PD
0.028021756600101533,1,0,0.8614019081746895,PD
0.7313705543486739,1,0,0.922905501,PD
0.2312229179025218,1,0,0.7363425440183733,PD
0.7659074683633584,1,0,0.7758588919750476,PD
0.7433329833485893,1,0,0.7930076164114549,PD
0.4063582314435916,1,0,0.6642886166155774,PD
0.4605333430973615,1,0,0.5723776391458617,PD
0.3789907949100555,1,0,0.6435162737711847,PD
0.34153245295711043,1,0,0.8757288741052094,PD
0.40872260011640216,1,0,0.5348906275151809,PD
0.4537739304058428,1,0,0.7861432280598599,PD
0.4495824641409767,1,0,0.7694192768041767,PD
0.5883103606015816,1,0,0.8176789107655126,PD
0.4872998191864206,1,0,0.8839300017813446,PD
0.8121396123969118,1,0,0.8824329429339475,PD
0.6493613398706888,1,0,0.8363722819499311,PD
0.7538487239029903,1,0,0.8010210580879941,PD
0.1685348347218032,1,0,0.9764851668203572,PD
0.2882254441629415,1,0,0.973348447,PD
0.32212890485342993,1,0,0.7359182207312338,PD
0.35226367733846065,1,0,0.9808586779833595,PD
0.49707329587000326,1,0,0.7974389193671293,PD
0.5595156951751055,1,0,0.6728528965315121,PD
0.4775059583518386,1,0,0.7257363164152025,PD
0.35375483133594043,1,0,0.9009840318179212,PD
0.5067688839338957,1,0,0.6538834045239618,PD
0.001521899,1,0,0.8210054231726447,PD
0.17569035519217158,1,0,0.6809406416822399,PD
0.744539903,1,0,0.8431272682948641,PD
0.11432377282204542,1,0,0.6458985690529051,PD
0.7440789462447799,1,0,0.8342309654316924,PD
0.40052814455085817,1,0,0.8038167032321119,PD
0.3160888962058097,1,0,0.9402063550009608,PD
0.8472047589382392,1,0,0.9087953166483285,PD
0.035122606,1,0,0.5815282440955191,PD
0.074445473,1,0,0.7016731053125266,PD
0.5806903204116742,1,0,0.8707950613575786,PD
0.39824223793181757,1,0,0.5567968541951104,PD
0.3031281405752255,1,0,0.5360521594238191,PD
0.3542198180687166,1,0,0.5182087287127539,PD
0.2848748060298578,1,0,0.535021527,PD
0.6629548460204442,1,0,0.8960597421676171,PD
0.30090987722647244,1,0,0.5291427304157811,PD
0.41328972494210214,1,0,0.8585108549803416,PD
0.6395712309990378,1,0,0.8507136204606427,PD
0.15670438673291476,1,0,0.5815390875025639,PD
0.8890885482434978,1,0,0.925733108,PD
0.650148076,1,0,0.8868070764607485,PD
0.2830296163981949,1,0,0.6090379743227288,PD
0.5228695079487651,1,0,0.7087744215532005,PD
0.1883344488408616,1,0,0.5999092329457323,PD
0.1348865802039041,1,0,0.5851377855258841,PD
0.6410482766382792,1,0,0.7340679351046461,PD
0.6037501289060305,1,0,0.9523625294010889,PD
0.031538415156158184,1,0,0.7677969694078752,PD
0.4931177170002996,1,0,0.7090565049830104,PD
0.11670005541708317,1,0,0.9645084934590646,PD
0.5527765321970932,1,0,0.5569631853995669,PD
0.15477868784199966,1,0,0.5909237243193295,PD
0.007296466,1,0,0.9477123929421553,PD
0.4475997235814231,1,0,0.6303444730924431,PD
0.6720542125756188,1,0,0.7471045803965116,PD
0.2960499023386143,1,0,0.6013214861616605,PD
0.8284433824503852,1,0,0.8727075477769848,PD
0.6102866539709801,1,0,0.9539297273038141,PD
0.1333936240398883,1,0,0.8327441584272841,PD
0.3133420979653725,1,0,0.7048196944216462,PD
0.15178656785427136,1,0,0.8737322441436217,PD
0.27903148536077826,1,0,0.5310991327936342,PD
0.21671494577684336,1,0,0.6532006780723026,PD
0.5590084795899093,1,0,0.6471586136816967,PD
0,1,0.12495152639635676,0.7121936490021397,SG
0,1,0.24652393443507759,0.8919458639844273,SG
0,1,0.12131638702660275,0.9353278255650396,SG
0,1,0.12459787914289189,0.7206486876016387,SG
0,1,0.03253655,0.7677350258002517,SG
0,1,0.38593917991044546,0.7374376889566856,SG
0,1,0.5102767866612852,0.9369201185607547,SG
0,1,0.7130399600835193,0.9117698393829556,SG
0,1,0.3403319061334167,0.8643446078576951,SG
0,1,0.058081314,0.5956639352534548,SG
0,1,0.5732095661346934,0.8029799658657369,SG
0,1,0.242870224,0.9260033026117218,SG
0,1,0.34479645159374583,0.8139664823405846,SG
0,1,0.022678033527340213,0.9569247156338442,SG
0,1,0.14041846306301653,0.6931371305658706,SG
0,1,0.1431074798823726,0.8794725430831466,SG
0,1,0.7734316717419436,0.8891568322106587,SG
0,1,0.41704102495235995,0.9179439706102926,SG
0,1,0.17157517349830198,0.6482469430189731,SG
0,1,0.24650046803327408,0.8896094127153756,SG
0,1,0.26698489717441376,0.9859181790408407,SG
0,1,0.3356025928935662,0.7202914838570915,SG
0,1,0.2522840748765891,0.8601415329607376,SG
0,1,0.09622346,0.6991576651534929,SG
0,1,0.28303369288143143,0.9285134485515104,SG
0,1,0.3728224527146975,0.7239808204766901,SG
0,1,0.8542074850218127,0.9848097,SG
0,1,0.2305754610735966,0.8418943790231249,SG
0,1,0.6207380760677643,0.96893422,SG
0,1,0.2613714354579373,0.8093298946258494,SG
0,1,0.2544827970162493,0.7797877258979313,SG
0,1,0.44056611339480733,0.9285846737791209,SG
0,1,0.46563128055998115,0.8904033308118423,SG
0,1,0.3361447285897903,0.9299786804096052,SG
0,1,0.070489847,0.7933057612596945,SG
0,1,0.3852745052431015,0.738244952,SG
0,1,0.29333762257578244,0.7339408873863098,SG
0,1,0.36608524988014457,0.7356176394478741,SG
0,1,0.23608063838085114,0.921557465,SG
0,1,0.29527317810380826,0.7492500085647464,SG
0,1,0.4450649814647665,0.7527507489053858,SG
0,1,0.26540940452478146,0.9647230885232756,SG
0,1,0.3706533707019335,0.9247316478113677,SG
0,1,0.050167093758423764,0.8522098044231853,SG
0,1,0.42451219439738663,0.738328877,SG
0,1,0.3922115636509893,0.9537518538880835,SG
0,1,0.26480377198750027,0.6498505689239242,SG
0,1,0.1440471922926494,0.5909113270662264,SG
0,1,0.005263859,0.9281688628344722,SG
0,1,0.6969836682079968,0.8717700087274801,SG
0,1,0.2792833804978452,0.7504460550579116,SG
0,1,0.5219895904361802,0.8981683242053501,SG
0,1,0.524433306,0.936015855,SG
0,1,0.067224434,0.9477058617589922,SG
0,1,0.5126049945421915,0.9619820908569505,SG
0,1,0.2381574045997581,0.906110341,SG
0,1,0.7436944757273853,0.8966534728789828,SG
0,1,0.809616014,0.9462229907089725,SG
0,1,0.049252054065668904,0.9649687095666248,SG
0,1,0.7219393766147675,0.8672867297265433,SG
0,1,0.33081865316049996,0.8994756781007124,SG
0,1,0.6661220329985871,0.9520830444385125,SG
0,1,0.47469435283775097,0.7725399662853519,SG
0,1,0.019910138884880357,0.8377797048537584,SG
0,1,0.117530877,0.7324120397159832,SG
0,1,0.1091918252148596,0.8926074526790436,SG
0,1,0.036817389057840044,0.9780693757258456,SG
0,1,0.032267302,0.9259557726356392,SG
0,1,0.13262430398757186,0.6503681242786156,SG
0,1,0.5039049596848049,0.9134539991586279,SG
0,1,0.6457308115606635,0.9283093454956416,SG
0,1,0.2588516395631699,0.7887010745827746,SG
0,1,0.4013157896201911,0.8899194037887055,SG
0,1,0.052060079,0.7319135241062678,SG
0,1,0.7231405546336396,0.9658561793954606,SG
0,1,0.013886539176767965,0.9400486182158685,SG
0,1,0.041627939,0.9743660613112194,SG
0,1,0.8730003640232129,0.9543955008832024,SG
0,1,0.079007699,0.7067543082087593,SG
0,1,0.25576830776950565,0.7435528159296401,SG
0,1,0.5718682976595801,0.9443583400054459,SG
0,1,0.8045276483486892,0.9830232087065998,SG
0,1,0.31095447477463223,0.7242958800323528,SG
0,1,0.005303845,0.8099529705726904,SG
0,1,0.6668992924241439,0.8600895327396263,SG
0,1,0.009210743,0.8940328970846589,SG
0,1,0.3025691910190904,0.9269447317071191,SG
0,1,0.4863792634658717,0.9869304179611256,SG
0,1,0.11864474183086005,0.705613697,SG
0,1,0.5440404244393298,0.9616528627458353,SG
0,1,0.2867501662031424,0.8812393836100533,SG
0,1,0.047276065649361154,0.9922568511255194,SG
0,1,0.3701811038373515,0.8696409050869787,SG
0,1,0.42169508410775913,0.8619956889812305,SG
0,1,0.13939651415111642,0.5969804226955916,SG
0,1,0.19144768182176963,0.6245501920027406,SG
0,1,0.7486748929862059,0.9712744043981808,SG
0,1,0.31176036221585934,0.9679659432189495,SG
0,1,0.8036370721690769,0.9494185850632127,SG
0,1,0.16955793676451503,0.7230595647606007,SG
0,1,0.16621095437398647,0.8232049722647357,SG
0,1,0.23877894728912397,0.6591956140578803,SG
0,1,0.10604881378753639,0.6655355498225038,SG
0,1,0.4063547483586054,0.8250394576646701,SG
0,1,0.1539450111457814,0.9857555218155694,SG
0,1,0.33153254507288277,0.8964193230223367,SG
0,1,0.15366576750647276,0.9420403652119902,SG
0,1,0.029496354220728938,0.9389658557501633,SG
0,1,0.4698457796710902,0.7830647598266144,SG
0,1,0.8447152212912574,0.9971745694515174,SG
0,1,0.24551329884452544,0.97047414,SG
0,1,0.4250775228149355,0.7680098797212135,SG
0,1,0.29458325629743665,0.9312991314451429,SG
0,1,0.40291995534809444,0.7639807870957426,SG
0,1,0.064607704,0.9921200104399539,SG
0,1,0.5687501,0.9933145780128995,SG
0,1,0.38798409139773815,0.9957269123147121,SG
0,1,0.44530573494810244,0.8201447933815348,SG
0,1,0.021194686437923993,0.9720812059362385,SG
0,1,0.4831247500635283,0.9875833076708951,SG
0,1,0.46237693621634546,0.7461582116238079,SG
0,1,0.5106790382775945,0.9709460083337628,SG
0,1,0.7953582494603217,0.9183932513125723,SG
0,1,0.14785908436877704,0.7643011445823623,SG
0,1,0.5417532183758469,0.9641587909582618,SG
0,1,0.7084224842608777,0.868267962,SG
0,1,0.062784356,0.5775875108132685,SG
0,1,0.3460135092558101,0.9810746749013168,SG
0,1,0.9341160938052921,0.9960717071938955,SG
0,1,0.27881206063087016,0.9309396307345724,SG
0,1,0.8268073167648029,0.9877489089537359,SG
0,1,0.638069822,0.994425983,SG
0,1,0.094070457,0.6491710446577218,SG
0,1,0.30777959301949975,0.7339164832253218,SG
0,1,0.22947723516906526,0.6514427083849073,SG
0,1,0.15874556461313194,0.9498492094056671,SG
0,1,0.1890261184512978,0.9410369476623991,SG
0,1,0.5017771288100596,0.91588839,SG
0,1,0.27046439554897894,0.9725045097518324,SG
0,1,0.4440621544467498,0.9773460306205942,SG
0,1,0.23929004251798647,0.6836367973119879,SG
0,1,0.11386235805967226,0.9047961177671802,SG
0,1,0.48268740818861944,0.7848546665748565,SG
0,1,0.9656440245524016,0.9908912014643442,SG
0,1,0.3954878144156617,0.9419367008497833,SG
0,1,0.25647955990882343,0.8279636055379973,SG
0,1,0.45229686038494643,0.7480606205479223,SG
0,1,0.022491148668278615,0.7777871020614491,SG
0,1,0.13404135409431683,0.6428632199227361,SG
0,1,0.6454946906431405,0.9518851916677681,SG
0,1,0.3854942824168237,0.7647323724409018,SG
0,1,0.6910924927280329,0.9275372578754109,SG
0,1,0.7777785909538917,0.985670488,SG
0,1,0.5538510663552363,0.9040895493826087,SG
0,1,0.7917409961330835,0.9714611572969479,SG
0,1,0.4882658360753318,0.940087273,SG
0,1,0.5466338385322809,0.9216992778776195,SG
0,1,0.5350012205002272,0.9702870809404697,SG
0,1,0.15561005766399028,0.9650952020261151,SG
0,1,0.4686220949497515,0.8578927542531288,SG
0,1,0.5552014499386368,0.7808781599374516,SG
0,1,0.191741738,0.6925335886528827,SG
0,1,0.5929326249834446,0.8089133026357946,SG
0,1,0.5673387969261159,0.9428084025287126,SG
0,1,0.1278687982802813,0.6666727305337391,SG
0,1,0.30776179983861174,0.9948862531861027,SG
0,1,0.1529154856615309,0.7981257050084293,SG
0,1,0.30081696930110113,0.7946117821384086,SG
0,1,0.6416339848405226,0.9588493901928552,SG
0,1,0.049582448,0.773493263,SG
0,1,0.16268100587026324,0.9877962174117569,SG
0,1,0.054351061144074064,0.8074192290064848,SG
0,1,0.5189067991722507,0.7628520396804116,SG
0,1,0.1946102657382398,0.7804271270798325,SG
0,1,0.093419578,0.8323035274259019,SG
0,1,0.6104687542882725,0.8644342586696963,SG
0,1,0.5745093443478428,0.8328581808459494,SG
0,1,0.16117935311836362,0.8988768934780184,SG
0,1,0.8390023221593987,0.9754819188872536,SG
0,1,0.15138310192874305,0.5790326849205578,SG
0,1,0.39238363952679367,0.837397497,SG
0,1,0.34365320201351657,0.741986136,SG
0,1,0.37794170760156875,0.9833140695599961,SG
0,1,0.087421838,0.5801762822924322,SG
0,1,0.176285879,0.7867671854456215,SG
0,1,0.7235684693328437,0.926094137,SG
0,1,0.2384381883045199,0.7963539273037369,SG
0,1,0.9307681487333201,0.991528299,SG
0,1,0.33110500329264725,0.6754814021797052,SG
0,1,0.15297372192111314,0.5964866381184455,SG
0,1,0.031848218854296784,0.9389846986564618,SG
0,1,0.77345465,0.9208920122061505,SG
0,1,0.10884886919806824,0.5665443191366848,SG
0,1,0.6210566338287515,0.866758695,SG
0,1,0.1374335453046085,0.8936034539559203,SG
0,1,0.25489264172443704,0.9549258588650962,SG
0,1,0.10142161296333119,0.8439338049525252,SG
0,1,0.000498663,0.7798445400444951,SG
0,1,0.5361477995180652,0.966948855,SG
0,1,0.3763022378063745,0.7247108662262762,SG
0,1,0.092190562,0.8511950614866977,SG
0,1,0.7787273923651385,0.9051582990209831,SG
0,1,0.25036007039152053,0.7006434923259339,SG
0,1,0.062324955185923736,0.700442678,SG
0,1,0.006368338,0.5381853371701655,SG
0,1,0.4283196182140232,0.8840940097237232,SG
0,1,0.22623139404389647,0.9816938639347826,SG
0,1,0.19252952502523635,0.6576970762456139,SG
0,1,0.17482676401039488,0.6741233799665268,SG
0,1,0.039562744838554265,0.5557497608372078,SG
0,1,0.3287513477791233,0.8725789213060711,SG
0,1,0.2713639778300847,0.8253597815399409,SG
0,1,0.072451757,0.7857118280565816,SG
0,1,0.10307894788913963,0.8571909642789903,SG
0,1,0.011926612061420094,0.6364432356319616,SG
0,1,0.3870682943737225,0.8183821072111385,SG
0,1,0.078052776,0.6967345167791897,SG
0,1,0.18272908867584348,0.866025058,SG
0,1,0.451923321,0.8285650673680612,SG
0,1,0.068066579,0.8884577886408803,SG
0,1,0.7928699635479479,0.9463040930937466,SG
0,1,0.24821772836576161,0.7921688118995827,SG
0,1,0.036487759504959305,0.7122091684320295,SG
0,1,0.5395703403537009,0.8053060717960394,SG
0,1,0.10752222745677309,0.7042533805426994,SG
0,1,0.2782341181590431,0.9089713233771682,SG
0,1,0.10708527694405556,0.5677121475140392,SG
0,1,0.7578597737993427,0.942301805,SG
0,1,0.21048167526787664,0.6856579779663269,SG
0,1,0.19904937654882837,0.6961212299720451,SG
0,1,0.27609775832566874,0.8288410497432589,SG
0,1,0.20450995632532143,0.8837591100867837,SG
0,1,0.35831421226881965,0.876906868,SG
0,1,0.2174347231111069,0.6113546163344257,SG
0,1,0.5352669674781534,0.9687310337479609,SG
0,1,0.6132230950732918,0.845248432,SG
0,1,0.009628417,0.87649745,SG
0,1,0.21586484381154736,0.9451410082314743,SG
0,1,0.22761860351511087,0.6544303110333465,SG
0,1,0.34706929419023913,0.9559979387470082,SG
0,1,0.3403217832236254,0.6927771521007857,SG
0,1,0.9050653450679471,0.9967019460113129,SG
0,1,0.33326257791292235,0.9404974046962454,SG
0,1,0.7694425832733143,0.996751515,SG
0,1,0.6281924959887697,0.9173501113026852,SG
0,1,0.10616648011554086,0.8217738237222958,SG
0,1,0.16784198219358815,0.7989541210637771,SG
0,1,0.11396691595057407,0.6575650932260239,SG
0,1,0.5585414644990321,0.9911766143905559,SG
0,1,0.084795889,0.8046940889007619,SG
0,1,0.6063018570564906,0.8069255844639805,SG
0,1,0.1636039610825868,0.8283384289529656,SG
0,1,0.10411571593500213,0.6742350035022159,SG
0,1,0.29329022741352895,0.6774804409075619,SG
0,1,0.38258736623262823,0.9400788554069126,SG
0,1,0.087213867,0.5474320362063319,SG
0,1,0.10807361765259138,0.7987399188663722,SG
0,1,0.039182668432241385,0.637343194,SG
0,1,0.4571419127623373,0.9831154008963421,SG
0,1,0.073063978,0.9902466922284467,SG
0,1,0.002579373,0.9966995983409449,SG
0,1,0.065617089,0.8572043722663881,SG
0,1,0.2776836708208652,0.8198500793097975,SG
0,1,0.38466898478249356,0.7995930807121473,SG
0,1,0.32709574229800076,0.9229866962782173,SG
0,1,0.084168991,0.6381732275116195,SG
0,1,0.7590916049243848,0.8947586232192059,SG
0,1,0.540996339,0.8752593932129991,SG
0,1,0.13835859906220738,0.956363472,SG
0,1,0.6318987812243506,0.9138735796841548,SG
0,1,0.49368596814539245,0.7825652264830226,SG
0,1,0.577976255,0.7980632375005533,SG
0,1,0.8335670726099322,0.9688488214960981,SG
0,1,0.5471829622312896,0.810274654,SG
0,1,0.002152921,0.5806481058923287,SG
0,1,0.073919859,0.9723728465531977,SG
0,1,0.3319756654787953,0.9772523411058466,SG
0,1,0.6059140334908704,0.9899442222118223,SG
0,1,0.22712332471157493,0.7476928219532153,SG
0,1,0.1578636380948899,0.5854160557142787,SG
0,1,0.3275471332926183,0.8912087889892149,SG
0,1,0.39380932141329805,0.7275930144546732,SG
0,1,0.11621989152623668,0.945913596,SG
0,1,0.5258623367264084,0.9911016175425763,SG
0,1,0.018392579192509917,0.7403876297829466,SG
0,1,0.044544728,0.8039168104602673,SG
0,1,0.15600983929898793,0.6435930830836377,SG
0,1,0.3879062727866509,0.9180577770558873,SG
0,1,0.034271335,0.9564189385116468,SG
0,1,0.7241176627394887,0.9258379983219241,SG
0,1,0.6062184940712045,0.8130645233294235,SG
0,1,0.4332459249350551,0.956897239,SG
0,1,0.264274187,0.6457115962002253,SG
0,1,0.046768739,0.6870079587904858,SG
0,1,0.040560462911516826,0.9347140613852322,SG
0,1,0.15222615063842349,0.6490943572414323,SG
0,1,0.00185998,0.7452149297745008,SG
0,1,0.43478216329286545,0.8719003754273382,SG
0,1,0.051444936,0.8404327838362697,SG
0,1,0.075922745,0.6352822667407956,SG
0,1,0.081830191,0.9970989885596916,SG
0,1,0.5003805604080953,0.7886713110004464,SG
0,1,0.6405634640322966,0.847753656,SG
0,1,0.5583593474157547,0.9170482688192608,SG
0,1,0.010146104058325056,0.6931977012423279,SG
0,1,0.11285589762305315,0.9317622582115709,SG
0,1,0.3097646523898434,0.9525727141981912,SG
0,1,0.4397712328343144,0.8787147199311619,SG
0,1,0.35446049241317357,0.7043881476059621,SG
0,1,0.29046567784299815,0.8261646984751289,SG
0,1,0.3388486592801436,0.9758906716266229,SG
0,1,0.083713527,0.8302940701070571,SG
0,1,0.2610852026975583,0.8795943404885114,SG
0,1,0.016659094401142438,0.8899938688437193,SG
0,1,0.45278312090758277,0.9488188818038902,SG
0,1,0.4243477631599524,0.8883843430344651,SG
0,1,0.8789729901091132,0.9952579744360239,SG
0,1,0.3583201562691041,0.8161489678057825,SG
0,1,0.29990986,0.8399715660987301,SG
0,1,0.026290197789080594,0.6042236099922549,SG
0,1,0.25541182995333034,0.840187705,SG
0,1,0.7427917012293501,0.9175206580135354,SG
0,1,0.21487760130007505,0.9284562625482269,SG
0,1,0.21640327887025212,0.8179743312681846,SG
0,1,0.6403990262014683,0.8357736735826864,SG
0,1,0.6337059676293839,0.936773377,SG
0,1,0.2563891840874448,0.9810757117114116,SG
0,1,0.2353322530699553,0.798229229,SG
0,1,0.6148409733524278,0.8990097532926548,SG
0,1,0.5964121023546909,0.994643119,SG
0,1,0.7859219265495887,0.9167837309753282,SG
0,1,0.022274002415930694,0.7063182572272705,SG
0,1,0.4657135347431296,0.8839418468456941,SG
0,1,0.5057254434201561,0.9986897397942621,SG
0,1,0.37270621034058804,0.8212136545363696,SG
0,1,0.5941870753706666,0.913063392,SG
0,1,0.5514364971486987,0.8049198697516377,SG
0,1,0.41270853158447585,0.7379690877839118,SG
0,1,0.5602950605407613,0.8805913579459406,SG
0,1,0.074696953,0.6285902543151025,SG
0,1,0.1689447086329685,0.9307168081201317,SG
0,1,0.3224070090932041,0.7030769366283278,SG
0,1,0.30128266797003933,0.9721214669020329,SG
0,1,0.159703815,0.8175126148069108,SG
0,1,0.10279919347812827,0.7230633646269325,SG
0,1,0.38139115617403085,0.938152258,SG
0,1,0.020198418845563726,0.9195185124821413,SG
0,1,0.37953813994536056,0.979032017,SG
0,1,0.060127196921772263,0.718320847,SG
0,1,0.6775880143217465,0.9615834912378868,SG
0,1,0.43190413417297324,0.9466743540874655,SG
0,1,0.5268798395796535,0.9709553463857399,SG
0,1,0.018300909709520585,0.5548467279966317,SG
0,1,0.031501609523381324,0.9730277331381197,SG
0,1,0.43774569387399676,0.7412426389196675,SG
0,1,0.31873671483037724,0.698098918,SG
0,1,0.11156860346504649,0.8960609683462295,SG
0,1,0.5603930643559489,0.9773200484807368,SG
0,1,0.4874854567550273,0.9137142544943385,SG
0,1,0.051457909,0.7716772764585155,SG
0,1,0.41237002178490645,0.8451444854031734,SG
0,1,0.8575862903966802,0.9774801632552541,SG
0,1,0.11312774564807704,0.8814775950523881,SG
0,1,0.15607717937936205,0.8861476772987127,SG
0,1,0.21797751056477366,0.9295268127940672,SG
0,1,0.1347755341351753,0.7192848425200784,SG
0,1,0.5510662213766719,0.7782422826846332,SG
0,1,0.063218781,0.5757084543730504,SG
0,1,0.4739157348007881,0.8154310693672208,SG
0,1,0.5818722927511286,0.8330138197010397,SG
0,1,0.27418165311805964,0.6941685860219944,SG
0,1,0.5162609908863278,0.9988359338319286,SG
0,1,0.5036692779106036,0.8405507645120325,SG
0,1,0.4194906348652767,0.7389938047659442,SG
0,1,0.3336935543650976,0.9878554777725349,SG
0,1,0.061400201,0.9613300577783813,SG
0,1,0.31366673023895864,0.9668842633964779,SG
0,1,0.3591335711700987,0.6847469370508814,SG
0,1,0.15664929490083113,0.7884306818657587,SG
0,1,0.079302478,0.8384766923547272,SG
0,1,0.8877167611793848,0.96502033,SG
0,1,0.5562163733665115,0.8204903061683925,SG
0,1,0.25972950532523353,0.8382935951754491,SG
0,1,0.27452659898239284,0.6802263672556604,SG
0,1,0.7718896363224477,0.8862779244026063,SG
0,1,0.10030544557707843,0.8944253702999473,SG
0,1,0.15529115550402728,0.7402982557615827,SG
0,1,0.098971874,0.6724332848986088,SG
0,1,0.4161256030118148,0.9349224252380791,SG
0,1,0.1463097573571197,0.9900803170885781,SG
0,1,0.073639304,0.9520167354265163,SG
0,1,0.42553755411473837,0.9947290051166181,SG
0,1,0.298158783,0.9373473573750205,SG
0,1,0.18551495417101393,0.6449471799960602,SG
0,1,0.3286854359004303,0.790054512,SG
0,1,0.5264330694175545,0.877428791,SG
0,1,0.7050422993302237,0.9710284574263178,SG
0,1,0.1691814772851885,0.8358833863655766,SG
0,1,0.7406231464378841,0.9589605559089901,SG
0,1,0.6572599696762864,0.9421338237729024,SG
0,1,0.3942348230214543,0.7886444022318251,SG
0,1,0.13059825516088552,0.7339322081044607,SG
0,1,0.5399087974352426,0.8538585263709801,SG
0,1,0.1742529285273049,0.6902530947162446,SG
0,1,0.12530036835351988,0.7550440451880616,SG
0,1,0.2479268779899899,0.9911523993748504,SG
0,1,0.8786144332252404,0.9916080349768074,SG
0,1,0.035946907,0.9512172995297256,SG
0,1,0.26797701999828805,0.7926905302598154,SG
0,1,0.4453469223508826,0.8621832132478324,SG
0,1,0.16192726653436162,0.6642826830032651,SG
0,1,0.21931684998579382,0.9976184872672843,SG
0,1,0.066869913,0.9928180638412479,SG
0,1,0.314045804,0.9305650847184108,SG
0,1,0.063564624,0.5559658303660627,SG
0,1,0.39562545518401926,0.813866595,SG
0,1,0.6223772333377513,0.8273878647495633,SG
0,1,0.28113699923045354,0.9040766238017323,SG
0,1,0.5615143746511753,0.9028939256496618,SG
0,1,0.1436028182563509,0.7269424801895663,SG
0,1,0.003320558,0.5831478109784878,SG
0,1,0.5328812204142273,0.9570418054202493,SG
0,1,0.33904445744543477,0.7173384562065798,SG
0,1,0.006479737,0.6313193085152096,SG
0,1,0.6995904337871419,0.8907940844411782,SG
0,1,0.1093524282388676,0.6998344045565632,SG
0,1,0.087468995,0.6399231757721553,SG
0,1,0.12966483356195213,0.7259256131417571,SG
0,1,0.3066536962296347,0.8975269327846336,SG
0,1,0.3433050362942387,0.8817576122091126,SG
0,1,0.4293714290645705,0.8140829284239818,SG
0,1,0.088955344,0.7783303823436653,SG
0,1,0.8707412323672024,0.9875889663834178,SG
0,1,0.072817761,0.906076345,SG
0,1,0.36634558458316047,0.7011362233060522,SG
0,1,0.2697732038810765,0.9482577254499898,SG
0,1,0.5939722405894123,0.8678930900916395,SG
0,1,0.047112021962465445,0.7382553450713298,SG
0,1,0.035161154127520744,0.727046679,SG
0,1,0.15219617553172426,0.5767519754819023,SG
0,1,0.008212748,0.6547832585054332,SG
0,1,0.0755394,0.8428252286644995,SG
0,1,0.43253524243344854,0.9485390072099783,SG
0,1,0.1269120484387587,0.866987676,SG
0,1,0.607299679,0.8711442788278814,SG
0,1,0.2931433630179623,0.9932382667074745,SG
0,1,0.002726555,0.5236345645232018,SG
0,1,0.5399609210241916,0.8482122938474786,SG
0,1,0.16615170664579915,0.994197261,SG
0,1,0.30090988809482977,0.6857227923618732,SG
0,1,0.13710933455275542,0.9810416438202432,SG
0,1,0.042516319488243415,0.7889708824482105,SG
0,1,0.7448602295348599,0.9280573074019911,SG
0,1,0.14306726770035394,0.6674284890564777,SG
0,1,0.16643332653042675,0.6060981777579906,SG
0,1,0.2627006746165099,0.7092696898270127,SG
0,1,0.4994105356362959,0.8597934640667833,SG
0,1,0.22704600340785452,0.6195185748013061,SG
0,1,0.23407373053566838,0.8074720283955132,SG
0,1,0.31632976147815484,0.9405352036225562,SG
0,1,0.051834472345794635,0.6896376913925076,SG
0,1,0.16934736172452425,0.5989504671719084,SG
0,1,0.5226557609527342,0.9480476529209163,SG
0,1,0.040025938,0.97846525,SG
0,1,0.041916713,0.7786528578691198,SG
0,1,0.6471679751903427,0.9259076775223756,SG
0,1,0.21422424373807902,0.8488908461907031,SG
0,1,0.28421208012761023,0.9063650961474476,SG
0,1,0.38867503356018673,0.8725723829650184,SG
0,1,0.7644557161955063,0.9049037487689906,SG
0,1,0.47061768636317924,0.7990673985880177,SG
0,1,0.16333286489109566,0.595927413,SG
0,1,0.28965394392020793,0.9992952669450225,SG
0,1,0.3747703863802103,0.9039253283780336,SG
0,1,0.3243027846924038,0.9976765799898426,SG
0,1,0.23707626921984826,0.8257264962680558,SG
0,1,0.3635360480221199,0.770479527,SG
0,1,0.14001417079561707,0.644591319,SG
0,1,0.4678318508953965,0.8342057742758213,SG
0,1,0.24299201690993022,0.8225948833279781,SG
0,1,0.23625379103830957,0.7418858052130715,SG
0,1,0.6008105335573897,0.8806089851331533,SG
0,1,0.18015558028166634,0.7013596950963865,SG
0,1,0.14064360113782803,0.837442291,SG
0,1,0.1527520699304008,0.9809134397206893,SG
0,1,0.065695612,0.9657446114589844,SG
0,1,0.017263074751523222,0.6151752351993188,SG
0,1,0.47693375069281707,0.9298403861397142,SG
0,1,0.047688394647635635,0.7958017018857365,SG
0,1,0.10303333376363666,0.8689535656085914,SG
0,1,0.026633952,0.7019421537802413,SG
0,1,0.6653400479137308,0.9206726579641249,SG
0,1,0.27921093515929507,0.7859331676077899,SG
0,1,0.15463656972132966,0.9066370126722234,SG
0,1,0.037936485,0.5736427726376309,SG
0,1,0.13541835593008145,0.6704855810948116,SG
0,1,0.7766415822909618,0.9830686176753617,SG
0,1,0.12661673322409772,0.7310825486352216,SG
0,1,0.5160695311539594,0.9610531939822101,SG
0,1,0.2083282536118205,0.8331414894139727,SG
0,1,0.024083321,0.5663939718723794,SG
0,1,0.2855588642576148,0.8408273869959982,SG
0,1,0.480538897,0.7891877073709495,SG
0,1,0.2711089964103448,0.8302115851253717,SG
0,1,0.19387777466018408,0.8941385808169033,SG
0,1,0.2429654797598262,0.7164541704827427,SG
0,1,0.7131755188043283,0.9120428820870156,SG
0,1,0.12283697565208929,0.9636973401334777,SG
0,1,0.5249286295382771,0.7810294171094206,SG
0,1,0.2411136838650514,0.8133471083391165,SG
0,1,0.4276063836820492,0.8408104421852882,SG
0,1,0.061513304,0.5619476270503189,SG
0,1,0.029762406512729322,0.7141964901915846,SG
0,1,0.19478637809501476,0.6336419806857243,SG
0,1,0.30643539381820717,0.9953693994626792,SG
0,1,0.7197284331536604,0.9138236737433855,SG
0,1,0.7514929593377708,0.8814418300740804,SG
0,1,0.3195659478919637,0.8086471335007902,SG
0,1,0.46981368536927937,0.7361176195720657,SG
0,1,0.28792729971910447,0.9716887101494671,SG
0,1,0.005046226,0.5804443734709377,SG
0,1,0.6380171507215804,0.9550409673077173,SG
0,1,0.17924199444184707,0.8141612799982918,SG
0,1,0.20432359781236897,0.9154487026323149,SG
0,1,0.046105786,0.8203782132360693,SG
0,1,0.32356389797042273,0.9310769136144157,SG
0,1,0.5451207355620535,0.9360908687524003,SG
0,1,0.8747551116947458,0.9981615095768361,SG
0,1,0.018139704395277345,0.8395973691604177,SG
0,1,0.085892546,0.9969911937886674,SG
0,1,0.8558239205713492,0.9753489549358416,SG
0,1,0.2100334468683367,0.6248589583561837,SG
0,1,0.7910359890413643,0.9695316728562581,SG
0,1,0.7460451186953057,0.9226511138504352,SG
0,1,0.13047919881333514,0.9498264692123916,SG
0,1,0.2907463187104302,0.7068364091868208,SG
0,1,0.036506022,0.8128358684701714,SG
0,1,0.12927593132565285,0.8214677448530359,SG
0,1,0.5717736760431733,0.9631203469215636,SG
0,1,0.034462319439240385,0.9980529866567118,SG
0,1,0.018256186191735413,0.5932916077132335,SG
0,1,0.4377959749830316,0.9834060199635375,SG
0,1,0.25382181476541543,0.7439581762683467,SG
0,1,0.072077673,0.7230772674900233,SG
0,1,0.28623993250667534,0.7224521008723779,SG
0,1,0.08145093,0.6453949288718063,SG
0,1,0.8576266687432599,0.9947019277971761,SG
0,1,0.12555041592162808,0.7252440124310877,SG
0,1,0.15894445798099088,0.7703653200250977,SG
0,1,0.052449919,0.7569879191131494,SG
0,1,0.28070241192540046,0.6907945888674684,SG
0,1,0.13986550392150954,0.7901475535209133,SG
0,1,0.09992727,0.5993148520184112,SG
0,1,0.8012812482195868,0.9403591611265557,SG
0,1,0.5533955890557256,0.8067474862230698,SG
0,1,0.097600361,0.8752157012518089,SG
0,1,0.10327335468051158,0.7879941752129161,SG
0,1,0.21892623098448794,0.6660865524073218,SG
0,1,0.11430149065058037,0.8580837103022688,SG
0,1,0.032511072490269965,0.5170143666756392,SG
0,1,0.5345995698872377,0.9690187495213525,SG
0,1,0.22747983418628426,0.9225658515631714,SG
0,1,0.28338750330704854,0.8639163411733396,SG
0,1,0.012644955776989208,0.7549968788454827,SG
0,1,0.36814415354593066,0.6885853009379098,SG
0,1,0.24114506441954853,0.9752441008100878,SG
0,1,0.6260640754693587,0.86271429,SG
0,1,0.2318012528330653,0.7957335830914535,SG
0,1,0.072561177,0.8579352449124111,SG
0,1,0.11072422120518732,0.976508939,SG
0,1,0.17979695777496274,0.8574879925444224,SG
0,1,0.6574751039430946,0.9228892515315751,SG
0,1,0.18386229416392386,0.6171329506859998,SG
0,1,0.30202816038328395,0.9683494691695611,SG
0,1,0.13047807684777935,0.6820574755363837,SG
0,1,0.8672699380038098,0.9631547375256398,SG
0,1,0.15717846233660238,0.9047083327372194,SG
0,1,0.082488855,0.559303314,SG
0,1,0.22239136333217302,0.9727910516703632,SG
0,1,0.740891306,0.971512009,SG
0,1,0.4910533073258996,0.8418168588915222,SG
0,1,0.093602999,0.9466046821635993,SG
0,1,0.5421569205715582,0.8924350114054123,SG
0,1,0.21377901832421498,0.768657117,SG
0,1,0.3238077591886679,0.8843991465000471,SG
0,1,0.7212232885970324,0.9982587756332165,SG
0,1,0.6242117679679924,0.8735530594980774,SG
0,1,0.31848953901757415,0.6952485650367715,SG
0,1,0.5014800450823622,0.9917102916126257,SG
0,1,0.11403550623591951,0.5908041521293824,SG
0,1,0.3818324050293209,0.8503650809463976,SG
0,1,0.16945257861750274,0.9853180899911741,SG
0,1,0.1925983362094148,0.9813730908798443,SG
0,1,0.095056511,0.5490150072242609,SG
0,1,0.353603312,0.7669137968820385,SG
0,1,0.35254429406691745,0.9090918015085866,SG
0,1,0.467067216,0.7618375,SG
0,1,0.1781833304269249,0.6493577228311272,SG
0,1,0.1530403379817813,0.7038546221334188,SG
0,1,0.057831291,0.6368081954670041,SG
0,1,0.15540170036493106,0.6473474330506532,SG
0,1,0.3670558565502229,0.7563441456637687,SG
0,1,0.27492873851992994,0.9434676327542428,SG
0,1,0.10118945661500378,0.7354589817370382,SG
0,1,0.21928262263388798,0.9473951377913112,SG
0,1,0.005312143,0.5584720635320916,SG
0,1,0.32666640435014926,0.7556749565665841,SG
0,1,0.9016420586830394,0.9969850372130957,SG
0,1,0.5060155387268603,0.9515979424870361,SG
0,1,0.41465612321255674,0.7683654380448953,SG
0,1,0.15102199972836594,0.970301131,SG
0,1,0.416961364,0.892009965,SG
0,1,0.02303326,0.9396999418200691,SG
0,1,0.071066206,0.974555568,SG
0,1,0.3861912428842902,0.7024270898899029,SG
0,1,0.038553201032919704,0.8894098417550469,SG
0,1,0.2823831165235522,0.6752649585595922,SG
0,1,0.11191090519119218,0.7407837973375286,SG
0,1,0.362801644,0.8597011052126979,SG
0,1,0.4285805979655184,0.7306464944740665,SG
0,1,0.2299179957371129,0.9988445420740317,SG
0,1,0.9101600658286564,0.9766312090652955,SG
0,1,0.22799158001548325,0.7771111460565954,SG
0,1,0.5321813564561704,0.9467820782575201,SG
0,1,0.13682238734851726,0.7764160556616736,SG
0,1,0.00334229,0.5337700624254827,SG
0,1,0.13770576489194797,0.8104963204958466,SG
0,1,0.21968744383894756,0.8930659302057571,SG
0,1,0.2389824867117878,0.7379564006126562,SG
0,1,0.17193358065878872,0.8718958203854406,SG
0,1,0.3861470193460439,0.8562163553365869,SG
0,1,0.025929730428014164,0.9482171086324231,SG
0,1,0.8576151095961542,0.9726118023472469,SG
0,1,0.18355244636094126,0.8928616783532067,SG
0,1,0.34056670644838993,0.7881871587337721,SG
0,1,0.23998589440894835,0.8109797758884744,SG
0,1,0.26563230280128125,0.7834578135104058,SG
0,1,0.8743726236870284,0.963876204,SG
0,1,0.5004483887526003,0.909843727,SG
0,1,0.3527172479187488,0.8705537468386508,SG
0,1,0.28861380718728347,0.6621181735782177,SG
0,1,0.6574019363602701,0.9794015819725048,SG
0,1,0.006417478,0.9393498363114862,SG
0,1,0.15760773456538324,0.8066961088493422,SG
0,1,0.6784537459186548,0.941044414,SG
0,1,0.033246052,0.9613840251136996,SG
0,1,0.5351208699328347,0.9635730787521655,SG
0,1,0.3479616287029217,0.9439134333710183,SG
0,1,0.1631674161956176,0.743827575,SG
0,1,0.058583714138931375,0.7730010190068631,SG
0,1,0.8131524849371798,0.9656120569800821,SG
0,1,0.01641937,0.823248374,SG
0,1,0.6930819119904958,0.9178106671166693,SG
0,1,0.036990884,0.9695414558375478,SG
0,1,0.7532613029344477,0.9498630913006652,SG
0,1,0.5683977792066246,0.9852935004297817,SG
0,1,0.013130451840013713,0.9011797832838297,SG
0,1,0.3906128993565663,0.8292884240759699,SG
0,1,0.8347220928234886,0.9978704777241308,SG
0,1,0.43883447,0.8318535858378154,SG
0,1,0.22077102300700546,0.8101317576716751,SG
0,1,0.365984573,0.8843496250539757,SG
0,1,0.4629882225329287,0.8117341358127987,SG
0,1,0.19000284714958982,0.6222724137560272,SG
0,1,0.5981298725286932,0.8703744043484098,SG
0,1,0.085656549,0.9308206265929606,SG
0,1,0.23121103614251082,0.8337140836255477,SG
0,1,0.12431688108071604,0.649951467,SG
0,1,0.30687429184571635,0.872509755,SG
0,1,0.5975393985240143,0.8867606218348564,SG
0,1,0.67889751,0.8681410061829368,SG
0,1,0.6312460948474088,0.9034646241255309,SG
0,1,0.14815511952655114,0.6608882200870082,SG
0,1,0.5710535431687411,0.8294164871743789,SG
0,1,0.18281191,0.7624951593256322,SG
0,1,0.27211337505268607,0.7527384912331101,SG
0,1,0.015780373,0.739980162,SG
0,1,0.5338568985823604,0.7979849040894917,SG
0,1,0.5518892319868063,0.9739804718884368,SG
0,1,0.21739918539951852,0.9058692129693433,SG
0,1,0.33503319453768343,0.9579082091972934,SG
0,1,0.3420739630051286,0.8753060318527707,SG
0,1,0.16729110360210409,0.9982410586379377,SG
0,1,0.15697237323774882,0.6280186554708661,SG
0,1,0.4265213973551485,0.7786754123990975,SG
0,1,0.11955769104234326,0.7377410681196104,SG
0,1,0.35507491194122176,0.8698276000602662,SG
0,1,0.44972060199074804,0.8373531617748107,SG
0,1,0.3492418092825931,0.7278596417352352,SG
0,1,0.8845512187621831,0.9909852679633852,SG
0,1,0.0362481,0.8980197673734723,SG
0,1,0.044962383,0.5634784968549333,SG
0,1,0.21027682993883068,0.9801750552629763,SG
0,1,0.5320763407399731,0.8145414621962107,SG
0,1,0.6955722015564678,0.8771197448631936,SG
0,1,0.19130547282105836,0.9066275040997168,SG
0,1,0.1361884905189319,0.7407386283422364,SG
0,1,0.11278334329763684,0.8973696855236515,SG
0,1,0.34694510629518804,0.7403551759600215,SG
0,1,0.719244676,0.9088104934544257,SG
0,1,0.6359795163795654,0.8388317596758593,SG
0,1,0.6668849462699329,0.9737694955381868,SG
0,1,0.11146852168319898,0.9109739625096465,SG
0,1,0.1930993029630279,0.6577695454812713,SG
0,1,0.714404557,0.9617536820412367,SG
0,1,0.18915507591138137,0.726641449,SG
0,1,0.097155892,0.8064833380442199,SG
0,1,0.41033811043229984,0.9502124075784412,SG
0,1,0.03946371,0.7926247462555407,SG
0,1,0.23212956203788404,0.7829321492798367,SG
0,1,0.23461124792340926,0.7062420882876179,SG
0,1,0.4019659812480174,0.9056930783818588,SG
0,1,0.36288766898045144,0.9624171082606636,SG
0,1,0.2424311012632172,0.6821087030695538,SG
0,1,0.1621700662665162,0.9420035612542877,SG
0,1,0.093376107,0.827691697,SG
0,1,0.33002381715451956,0.9173925289148754,SG
0,1,0.5012262828489515,0.9442556610996149,SG
0,1,0.38368128479767893,0.9025541664768464,SG
0,1,0.083073156,0.9124621215612957,SG
0,1,0.011967338,0.880151507,SG
0,1,0.21728450493864448,0.716300087,SG
0,1,0.016110809961078054,0.6107659072594821,SG
0,1,0.28590408375447063,0.8249456320424681,SG
0,1,0.5119563383130836,0.8617819609584162,SG
0,1,0.728018424,0.9145636759267656,SG
0,1,0.16821127611317221,0.6762915313124708,SG
0,1,0.3354770844135817,0.6929935652469115,SG
0,1,0.5779542794104959,0.8273301995798088,SG
0,1,0.8821124534442333,0.9748320359095166,SG
0,1,0.35497247480580874,0.8182706757613621,SG
0,1,0.3453951571176588,0.7339321838606709,SG
0,1,0.2555533345428853,0.8898367430948257,SG
0,1,0.6275882180200554,0.9640310017189505,SG
0,1,0.17688195784381833,0.8084123937092029,SG
0,1,0.15413342160344468,0.5958260505416751,SG
0,1,0.048511405,0.8583334366088898,SG
0,1,0.5441527108313879,0.8729490576684119,SG
0,1,0.015092666113605047,0.7182738992280493,SG
0,1,0.057963645,0.5927084753572293,SG
0,1,0.28658830548530023,0.8032133150626177,SG
0,1,0.078522568,0.8658618681142503,SG
0,1,0.4162098089857489,0.7681829984755417,SG
0,1,0.081310809,0.7245643691339733,SG
0,1,0.074906639,0.8705048858519473,SG
0,1,0.28826191739410945,0.8208878762972879,SG
0,1,0.31686832249662467,0.9079577428586565,SG
0,1,0.1319730971048676,0.994822127,SG
0,1,0.13639995725167164,0.7415481497825507,SG
0,1,0.5532566456844603,0.8842807494626393,SG
0,1,0.6302568805486222,0.856660842,SG
0,1,0.060872863408833355,0.8441264676818686,SG
0,1,0.10058247104983242,0.9383617804122776,SG
0,1,0.9105222705668603,0.9778443100028168,SG
0,1,0.39644928356395925,0.7374310538815558,SG
0,1,0.3460447012031398,0.6914371509017846,SG
0,1,0.015274747374693476,0.8513408096772783,SG
0,1,0.001003239,0.5841800672572414,SG
0,1,0.26075796156878517,0.9955790956332105,SG
0,1,0.1936182283097556,0.8833522976563812,SG
0,1,0.2759977894725103,0.7400395049924913,SG
0,1,0.2712702598000407,0.6713153132760492,SG
0,1,0.45886733491236575,0.9231678669428744,SG
0,1,0.6705785743006389,0.9524114702228035,SG
0,1,0.1481044052679672,0.6498025680535949,SG
0,1,0.042272774,0.9577776034802841,SG
0,1,0.263042821,0.9947968541168474,SG
0,1,0.2830986139879681,0.7418630924885096,SG
0,1,0.11866704296945607,0.8034042083086848,SG
0,1,0.4390925936098684,0.8929694782346095,SG
0,1,0.2118638862429969,0.9003960353018976,SG
0,1,0.056698297,0.7849116001266812,SG
0,1,0.16956289069974395,0.5905201602827949,SG
0,1,0.2896393915124904,0.7934352740734001,SG
0,1,0.44506523387692964,0.9780932019742783,SG
0,1,0.6566454432345668,0.980919714,SG
0,1,0.6443499522788583,0.921361372,SG
0,1,0.35334981492409434,0.9529664360935771,SG
0,1,0.24481137667923814,0.9528361004913756,SG
0,1,0.655579135,0.9089383107045012,SG
0,1,0.006975049,0.7325885068701441,SG
0,1,0.011001931104801077,0.9374575482018647,SG
0,1,0.4031829525993804,0.9061901757235422,SG
0,1,0.15242446708421897,0.7460902209440905,SG
0,1,0.49137971695340465,0.903628456,SG
0,1,0.048898636728251565,0.5570406571167507,SG
0,1,0.44595657344506257,0.7855546906698819,SG
0,1,0.5040210435866517,0.8403260970782122,SG
0,1,0.20923895045880503,0.9102353754626288,SG
0,1,0.34512964355844344,0.6742585615685945,SG
0,1,0.27553376851686373,0.8824965978143707,SG
0,1,0.039962049,0.7739429341034894,SG
0,1,0.6146952506312751,0.8162392509646248,SG
0,1,0.045674949,0.9453029945799746,SG
0,1,0.048875875014888104,0.9712985771914585,SG
0,1,0.5312911153012345,0.7666534428124493,SG
0,1,0.005023666,0.5787519027994794,SG
0,1,0.25278345174371997,0.7871858083363568,SG
0,1,0.16534279291747267,0.7513928354560565,SG
0,1,0.3599819300109808,0.7363062720654895,SG
0,1,0.4042442012240359,0.9837763464046766,SG
0,1,0.035632056,0.8398553746954006,SG
0,1,0.11292724272747745,0.6293599811288159,SG
0,1,0.014274697236560385,0.6325083170593621,SG
0,1,0.23774479711250018,0.7765289268758411,SG
0,1,0.20374267801861512,0.6805824315371765,SG
0,1,0.072643095,0.8670404425495135,SG
0,1,0.11787417441840109,0.8646484596914044,SG
0,1,0.064696143,0.7267895164970851,SG
0,1,0.004213646,0.8437263939791881,SG
0,1,0.2930970434710818,0.9755731016445082,SG
0,1,0.5744058719253335,0.9547361678293219,SG
0,1,0.079842186,0.9733019194561805,SG
0,1,0.2361694891553594,0.964744686,SG
0,1,0.1641162669645455,0.9869669507597009,SG
0,1,0.3152885557077818,0.9547178783077099,SG
0,1,0.11854686562390504,0.6368091700066711,SG
0,1,0.036053134217845395,0.7096766565623567,SG
0,1,0.2251756699741081,0.790157332,SG
0,1,0.056813035,0.7621038324319696,SG
0,1,0.8549274432413083,0.9277488730894768,SG
0,1,0.4852260514998208,0.7511483199880216,SG
0,1,0.6026733320061479,0.9896712784670754,SG
0,1,0.43362830629693994,0.7201885731087979,SG
0,1,0.13311595007922428,0.7961211478498464,SG
0,1,0.11833957101622405,0.7391164174666185,SG
0,1,0.500064856,0.8961729170806954,SG
0,1,0.077780367,0.7755942707028317,SG
0,1,0.2739293595659531,0.7000481965056939,SG
0,1,0.068265843,0.9226015180760883,SG
0,1,0.5264750087091474,0.8497518635621742,SG
0,1,0.8201608652299472,0.9105605042406625,SG
0,1,0.5265202697980698,0.8742969982216025,SG
0,1,0.6742672997659709,0.864994158,SG
0,1,0.6517765325656466,0.8666755334034976,SG
0,1,0.32138741303406326,0.7300567171661595,SG
0,1,0.25451079427578915,0.9249945007653538,SG
0,1,0.094484566,0.5505741269847529,SG
0,1,0.23034196793843753,0.9615480205272854,SG
0,1,0.17504952478959157,0.9778005361039593,SG
0,1,0.073854138,0.7669240112723771,SG
0,1,0.47460660859519543,0.8301882900517491,SG
0,1,0.1827662539507453,0.8111647353878847,SG
0,1,0.39264579717906956,0.8323279584388328,SG
0,1,0.46478632620283067,0.8896954371103148,SG
0,1,0.5175950900061674,0.9341326816389883,SG
0,1,0.7148932419589933,0.9525979952860084,SG
0,1,0.3513617303447796,0.8735766183525634,SG
0,1,0.3481523614375497,0.885572367,SG
0,1,0.410088349,0.7052315679794684,SG
0,1,0.082113827,0.8013530091650845,SG
0,1,0.12848675694893585,0.5728425965551812,SG
0,1,0.5682232446974413,0.9627793560240009,SG
0,1,0.1278303949708517,0.8309375922900198,SG
0,1,0.21420191037774083,0.7036953496133923,SG
0,1,0.15736718519864756,0.7983459546367704,SG
0,1,0.13621217470928615,0.764542787,SG
0,1,0.23309558038459044,0.8024636244446205,SG
0,1,0.1783037399661913,0.706527493,SG
0,1,0.3097538298020832,0.8817381795325686,SG
0,1,0.5286911174332991,0.7725769619663038,SG
0,1,0.5904840679922057,0.8405363783670603,SG
0,1,0.22854608851461444,0.9514538730533462,SG
0,1,0.009532984,0.9044111650345803,SG
0,1,0.6928413174388426,0.8897976734075227,SG
0,1,0.25971832752727075,0.8047379909700418,SG
0,1,0.055888454,0.5495315716395951,SG
0,1,0.002812661,0.7135642901824122,SG
0,1,0.40141284532509536,0.9083664498428745,SG
0,1,0.4240722146689968,0.8501200782023098,SG
0,1,0.063748224,0.6809714410083302,SG
0,1,0.099252223,0.6735037029198375,SG
0,1,0.8824801143565442,0.9765940907706457,SG
0,1,0.4160303866034485,0.9620842341607222,SG
0,1,0.3340659302459843,0.9309385166712675,SG
0,1,0.3872861914323835,0.8402558927408679,SG
0,1,0.2889668632280109,0.7805535436246882,SG
0,1,0.062523931,0.8491361272275133,SG
0,1,0.6424537925243046,0.9205545371527666,SG
0,1,0.12756681628406374,0.9357551289054269,SG
0,1,0.18934544244654217,0.8696715431668308,SG
0,1,0.45715521220667266,0.8916890144479042,SG
0,1,0.24642955834237967,0.8269952047769671,SG
0,1,0.072090607,0.9463785056901677,SG
0,1,0.098245232,0.6294372363515242,SG
0,1,0.064811101,0.9876512828520133,SG
0,1,0.6304479534335998,0.9450588042673408,SG
0,1,0.13523951140641266,0.7990542469523331,SG
0,1,0.36567318830550777,0.9949965486614505,SG
0,1,0.8617805626781172,0.9909258515951743,SG
0,1,0.1855872945923891,0.8228478505002377,SG
0,1,0.5058342543636887,0.7693448569610813,SG
0,1,0.43235021256134587,0.9993151052866016,SG
0,1,0.8496508739495661,0.9487543594646533,SG
0,1,0.7237795566182097,0.8891963620065627,SG
0,1,0.038006567,0.8182469542214241,SG
0,1,0.4059604989968073,0.8787805817220978,SG
0,1,0.3226921161108469,0.9166129281420484,SG
0,1,0.10960951317136591,0.5571236312189024,SG
0,1,0.045480051,0.672518659,SG
0,1,0.10850895640986269,0.9783716225292888,SG
0,1,0.854821497,0.9336015156204471,SG
0,1,0.24658102114392855,0.8537409459461407,SG
0,1,0.038294523585024276,0.9511999099629836,SG
0,1,0.3515042400004671,0.9526756810468539,SG
0,1,0.32083063027711267,0.9099820964428826,SG
0,1,0.1559230959988609,0.6964367001506275,SG
0,1,0.4280337121223059,0.8841367069341333,SG
0,1,0.3763060644984455,0.9482081389876257,SG
0,1,0.36455033238214196,0.9374608985918507,SG
0,1,0.14501079057763522,0.9158690142324676,SG
0,1,0.7735168704359325,0.90789132,SG
0,1,0.4395548940076728,0.9978359299954461,SG
0,1,0.853383461,0.9652207868660019,SG
0,1,0.2698303334386636,0.8246785327379703,SG
0,1,0.3220505045875288,0.7708649397538069,SG
0,1,0.003650186,0.847536722,SG
0,1,0.03620802,0.9620046445916427,SG
0,1,0.19230720207845398,0.9937415374197262,SG
0,1,0.11899315844872471,0.9325383118135419,SG
0,1,0.7876061384207425,0.9517167968039429,SG
0,1,0.021236226319268914,0.8742734595506475,SG
0,1,0.25307269816192957,0.6412937756124155,SG
0,1,0.022526868243079257,0.8692323409609922,SG
0,1,0.21205179804449936,0.9672612563471465,SG
0,1,0.097023604,0.9654367638246213,SG
0,1,0.7346154377544256,0.9640999535188116,SG
0,1,0.2795278892049644,0.9651324469311277,SG
0,1,0.026571718,0.9730756938811137,SG
0,1,0.046982231,0.9399297004219924,SG
0,1,0.44484313310360646,0.7353220538325411,SG
0,1,0.37999285097256763,0.8381046111131456,SG
0,1,0.30075901367767277,0.6701763570802656,SG
0,1,0.5079595948027134,0.9903551320057067,SG
0,1,0.5006887822704953,0.9611321924089303,SG
0,1,0.066737358,0.5740183387628185,SG
0,1,0.068176445,0.695948054,SG
0,1,0.094912051,0.87766947,SG
0,1,0.5758003373161471,0.8929073039270887,SG
0,1,0.074377871,0.7577980213990719,SG
0,1,0.782495596,0.9613807158586171,SG
0,1,0.095652012,0.7930037966712667,SG
0,1,0.642615294,0.9235008504083787,SG
0,1,0.8618166116664043,0.9713261908851076,SG
0,1,0.4847761087777096,0.9511214896830845,SG
0,1,0.38676006262288865,0.9042634848914717,SG
0,1,0.1606759576220349,0.6585648913096505,SG
0,1,0.5495168188852118,0.9200651269959635,SG
0,1,0.34229333567319187,0.8530647898139488,SG
0,1,0.4109825522229531,0.7474764389341921,SG
0,1,0.39183604604589806,0.7917601094868904,SG
0,1,0.048736158,0.5301090457136983,SG
0,1,0.6346546041387326,0.9051966588973723,SG
0,1,0.10168800944037426,0.6302559345417547,SG
0,1,0.284905998,0.7034357671071243,SG
0,1,0.2658980773379085,0.9264524666856188,SG
0,1,0.14229439328883564,0.5945383975367067,SG
0,1,0.4352336186752306,0.7773293207982233,SG
0,1,0.311710633,0.9201492511881846,SG
0,1,0.34969382698257623,0.9923809870236071,SG
0,1,0.5777467880298024,0.8609582143146146,SG
0,1,0.19282541333832537,0.8793835382996826,SG
0,1,0.13322071830152105,0.7850921515328708,SG
0,1,0.22181712419343125,0.7295447645787576,SG
0,1,0.5047432602965531,0.776576135,SG
0,1,0.38135300436133845,0.7141483827900218,SG
0,1,0.609139238,0.8237380992906495,SG
0,1,0.5914588870328998,0.9031813227027574,SG
0,1,0.30598993316195644,0.7939664430484147,SG
0,1,0.46141186645082244,0.8988382542911286,SG
0,1,0.38068767757712996,0.8878019761602356,SG
0,1,0.39161674887700415,0.9521524144058847,SG
0,1,0.6670635274057757,0.987401193,SG
0,1,0.45192504742183126,0.8596172384379286,SG
0,1,0.015596220020000384,0.9142112590062971,SG
0,1,0.3004085621510111,0.9215336826994411,SG
0,1,0.18711532691420008,0.7217583957232364,SG
0,1,0.2343850778995229,0.6830721969155151,SG
0,1,0.5613468711995988,0.9967085575008573,SG
0,1,0.1076978442193055,0.9777602612992163,SG
0,1,0.48064412639182885,0.758463376,SG
0,1,0.6146513587787008,0.8475162160218596,SG
0,1,0.7075271560700924,0.8642916582437509,SG
0,1,0.8087778140483264,0.9261436667129507,SG
0,1,0.33497694484490403,0.9192645949736491,SG
0,1,0.26136192841552863,0.8786149973148121,SG
0,1,0.14820072932575856,0.723855827,SG
0,1,0.41086792872931666,0.9547677673407189,SG
0,1,0.7241177589313779,0.9921942085503059,SG
0,1,0.5336392944598896,0.8813931926133269,SG
0,1,0.2178440192645006,0.881732611,SG
0,1,0.10737842658908092,0.6067416360625263,SG
0,1,0.054090593,0.7982648490722134,SG
0,1,0.4540562518216338,0.9205694198390849,SG
0,1,0.47564973825568213,0.7959420271763007,SG
0,1,0.031077881,0.9409101030350497,SG
0,1,0.45832022720636223,0.7690976665680479,SG
0,1,0.089073404,0.7274370867958803,SG
0,1,0.091631038,0.5590979415436997,SG
0,1,0.093559326,0.9735314378314228,SG